OTU ID	Taxonomy	WINDMILL_farm-Control	WINDMILL_farm-Drought	Castle_Field_West_W-Control	Castle_Field_West_W-Drought	Jemma_6-Control	Jemma_6-Drought	Jemma_9-Control	Jemma_9-Drought	Lardon Chase-Control	Lardon Chase-Drought
004e99c9b62503d7f639eef5f3e47cca	k_Fungi;p_Ascomycota;c_Sordariomycetes;o_Sordariomycetes_ord_Incertae_sedis;f_Junewangiaceae;g_Sporidesmiella	0	4	0	0	0	0	0	0	0	0
00ca81bd3a995b88df8c2d3d6f6c1f75	k_Fungi;p_Basidiomycota;c_Agaricomycetes;o_Corticiales;f_Corticiaceae;g_Corticiaceae_gen_Incertae_sedis	0	0	0	0	0	8	0	0	0	0
00f84ed0045a28d8d79b1722f14b20b4	k_Fungi;p_Ascomycota;c_Dothideomycetes;o_Pleosporales;f_Phaeosphaeriaceae	19	61	0	0	0	0	0	13	2	0
0162ca39d6b6796ed81cf7def3a5b638	k_Fungi;p_Basidiomycota;c_Agaricomycetes;o_Agaricales;f_Stephanosporaceae;g_Lindtneria	0	0	0	0	0	10	0	0	0	0
01f7051580f7fd38659ddc069cc84e47	k_Fungi;p_Ascomycota;c_Sordariomycetes;o_Glomerellales;f_Plectosphaerellaceae;g_Paragibellulopsis	0	0	6	0	0	0	0	0	0	0
0230ae6c2ac9033c7a4c84574d3e2be7	k_Fungi;p_Ascomycota;c_Leotiomycetes;o_Helotiales;f_Ploettnerulaceae;g_Oculimacula	0	0	0	22	0	0	0	0	0	0
0233c7675e349bd6e86884c1c5e5b937	k_Fungi;p_Ascomycota;c_Sordariomycetes;o_Pleurotheciales;f_Pleurotheciaceae;g_Phragmocephala	0	0	0	0	0	0	0	0	5	0
02477c395c3e633e3dc4aadf9b08ebfe	k_Fungi;p_Ascomycota;c_Dothideomycetes;o_Mycosphaerellales;f_Extremaceae;g_Paradevriesia	0	0	0	0	0	8	0	0	0	0
025e9f8070cfa905aa869508c3797e82	k_Fungi;p_Ascomycota;c_Sordariomycetes;o_Hypocreales;f_Cordycipitaceae;g_Beauveria	1	17	51	86	4	46	73	672	105	186
02a24ad22d8acfd3a52c46ed92c14640	k_Fungi;p_Ascomycota;c_Sordariomycetes;o_Sordariomycetes_ord_Incertae_sedis;f_Sordariomycetes_fam_Incertae_sedis;g_Sordariomycetes_gen_Incertae_sedis	67	303	363	210	434	78	119	196	37	56
02a83624138cf8079c9611db3bae92a3	k_Fungi;p_Ascomycota;c_Sordariomycetes;o_Branch06;f_Branch06_fam_Incertae_sedis;g_Branch06_gen_Incertae_sedis	0	50	4	3	0	0	0	0	0	0
0316226c34a0b1968f72df769e6ea0f5	k_Fungi;p_Ascomycota;c_Sordariomycetes;o_Myrmecridiales;f_Myrmecridiaceae;g_Myrmecridium	100	128	0	0	0	0	0	0	52	22
044bb3a06487013a820ad42d07729917	k_Fungi;p_Ascomycota;c_Pezizomycotina_cls_Incertae_sedis;o_Pezizomycotina_ord_Incertae_sedis;f_Pezizomycotina_fam_Incertae_sedis;g_Tricellula	0	0	4	0	0	0	0	0	2	17
04bba78eb15c8c58b48e95d30569a60d	k_Fungi;p_Ascomycota;c_Sordariomycetes;o_Hypocreales;f_Ophiocordycipitaceae;g_Hirsutella	0	0	0	0	0	0	0	7	0	0
051f8edafdb5786f8165f4acc585226b	k_Fungi;p_Ascomycota;c_Leotiomycetes;o_Helotiales;f_Hyaloscyphaceae;g_Hyaloscyphaceae_gen_Incertae_sedis	23	0	0	0	0	0	0	0	0	0
053ba81ae754a26329222d5a9ed943d8	k_Fungi;p_Ascomycota;c_Dothideomycetes;o_Pleosporales;f_Didymosphaeriaceae	12	0	0	0	0	0	0	0	0	0
060b2a1039b3961a328ab0c2a4f67a2b	k_Fungi;p_Rozellomycota	0	0	19	2	0	0	0	0	0	0
06883c2c28cb0441e549737aa7ba4e49	k_Fungi;p_Ascomycota;c_Sordariomycetes	380	237	443	45	25	59	43	40	424	247
06f3312eb9166deee1540777be81ac84	k_Fungi;p_Ascomycota;c_Sordariomycetes;o_Magnaporthales;f_Magnaporthales_fam_Incertae_sedis;g_Magnaporthales_gen_Incertae_sedis	0	0	30	0	0	0	0	0	0	0
079240a1ba113328cf31bd0c39964cfb	k_Fungi;p_Mortierellomycota;c_Mortierellomycetes;o_Mortierellales;f_Mortierellaceae;g_Mortierella	5849	3297	1590	4016	8298	5267	6562	5897	1959	2331
07f8973a8c0b1e0ac35f3c51207e83b9	k_Fungi;p_Mucoromycota;c_Umbelopsidomycetes;o_Umbelopsidales;f_Umbelopsidaceae;g_Umbelopsis	0	0	0	0	0	0	4	36	0	0
0af48bbc7d5c49cd281045526069fbf3	k_Fungi;p_Basidiomycota;c_Agaricomycetes;o_Agaricales;f_Hygrophoraceae;g_Hygrocybe	0	0	0	64	514	184	4	67	502	1240
0b84c191e6d0cfb9371098ec1a388870	k_Fungi;p_Ascomycota;c_Eurotiomycetes;o_Chaetothyriales;f_Herpotrichiellaceae;g_Phialophora	0	0	0	0	0	24	52	57	19	0
0bd1fe97f2278c1137b11dc1bd87ebb2	k_Fungi;p_Ascomycota;c_Geoglossomycetes;o_Geoglossales;f_Geoglossaceae;g_Leucoglossum	0	0	118	0	0	0	0	0	0	0
0c1057f77ad32625628530ad81bdd80c	k_Fungi;p_Basidiomycota;c_Microbotryomycetes;o_Leucosporidiales;f_Leucosporidiaceae;g_Leucosporidium	55	0	0	6	0	2	55	0	18	21
0e6aee6e5a257dd824b51f681267ca26	k_Fungi;p_Monoblepharomycota;c_Hyaloraphidiomycetes;o_Hyaloraphidiales;f_Hyaloraphidiales_fam_Incertae_sedis;g_Hyaloraphidiales_gen_Incertae_sedis	0	3	0	0	0	0	0	0	42	23
0fa399b7241202df940e661806c94e3c	k_Fungi;p_Ascomycota;c_Pezizomycotina_cls_Incertae_sedis;o_Pezizomycotina_ord_Incertae_sedis;f_Pezizomycotina_fam_Incertae_sedis;g_Arcuadendron	0	0	9	97	0	50	0	0	42	128
1047020da821bf9d23345e6e6782b8d7	k_Fungi;p_Ascomycota;c_Eurotiomycetes;o_Chaetothyriales;f_Cyphellophoraceae;g_Cyphellophoraceae_gen_Incertae_sedis	0	0	0	11	5	5	3	19	0	7
1074a3eac28d0f9c04400850e20f1d8c	k_Fungi;p_Basidiomycota;c_Agaricomycetes;o_Cantharellales;f_Cantharellales_fam_Incertae_sedis;g_Minimedusa	0	35	72	0	51	62	6	0	0	0
10909027ada9e90268cb26c8a7ef20e4	k_Fungi;p_Ascomycota;c_Sordariomycetes;o_Hypocreales;f_Cordycipitaceae;g_Cordyceps	49	62	0	0	38	58	64	169	0	0
10e061d039e7376da95ffbfcf60d3f55	k_Fungi;p_Ascomycota;c_Saccharomycetes;o_Saccharomycetales;f_Pichiaceae;g_Ogataea	0	0	0	0	0	0	0	0	0	13
110584610e8cd60350f824ae82d54e45	k_Fungi;p_Ascomycota;c_Dothideomycetes;o_Pleosporales;f_Dictyosporiaceae	0	0	0	0	12	0	74	16	0	0
124fd52ca8255d754831325c98403e32	k_Fungi;p_Basidiomycota;c_Exobasidiomycetes;o_Entylomatales;f_Entylomataceae;g_Entyloma	0	6	0	0	0	0	0	0	4	2
128f30cb881eefba89f02017ab9c54a8	k_Fungi;p_Ascomycota;c_Pezizomycetes;o_Pezizales;f_Pezizaceae;g_Peziza	0	0	0	0	0	17	0	0	0	0
12d0d607a39f00e2c5321c0355124443	k_Fungi;p_Chytridiomycota;c_Rhizophlyctidomycetes;o_Rhizophlyctidales;f_Rhizophlyctidaceae;g_Rhizophlyctis	0	0	0	6	0	0	0	0	0	31
1316cd353b196d2a50820897064270fa	k_Fungi;p_Ascomycota;c_Pezizomycetes;o_Pezizales;f_Pyronemataceae;g_Paratricharina	0	0	566	0	2	2	0	0	0	0
13912b620d0333f28cafaade88c11764	k_Fungi;p_Ascomycota;c_Pezizomycetes;o_Pezizales;f_Pezizaceae;g_Boudiera	0	0	0	0	0	0	0	0	2	0
13e7b8a06495a2a02960d987f52945c4	k_Fungi;p_Ascomycota;c_Dothideomycetes;o_Dothideales;f_Saccotheciaceae;g_Aureobasidium	0	0	0	0	38	13	27	27	0	0
140aba5ce629287f9f498bd4089d1e61	k_Fungi;p_Glomeromycota;c_Glomeromycetes	0	0	0	6	2	9	0	6	0	0
142ab22e324e4fa25865ce9a4c1db013	k_Fungi;p_Basidiomycota;c_Tremellomycetes;o_Tremellomycetes_ord_Incertae_sedis;f_Tremellomycetes_fam_Incertae_sedis;g_Tremellomycetes_gen_Incertae_sedis	0	1	32	0	19	11	71	105	0	0
146c8d635c30e2d6ace25504f85905b9	k_Fungi;p_Basidiomycota;c_Tremellomycetes;o_Tremellales;f_Bulleribasidiaceae;g_Dioszegia	0	1	12	0	0	0	9	22	0	0
14ee2d0d6431b9d901bd86b17851186a	k_Fungi;p_Ascomycota;c_Leotiomycetes;o_Helotiales;f_Helotiaceae	0	5	0	0	0	0	0	0	0	0
151196f9101265e9604d47a3800bf8f6	k_Fungi;p_Ascomycota;c_Sordariomycetes;o_Hypocreales;f_Bionectriaceae;g_Protocreopsis	302	268	19	31	20	0	39	37	0	0
1536560df83c885ca7c1f890df55d844	k_Fungi;p_Ascomycota;c_Saccharomycetes;o_Saccharomycetales;f_Debaryomycetaceae;g_Debaryomyces	0	0	5	0	0	0	0	0	0	8
155874693edd29cb83c2f7098f51ae46	k_Fungi;p_Basidiomycota;c_Microbotryomycetes;o_Sporidiobolales;f_Sporidiobolales_fam_Incertae_sedis;g_Sporidiobolales_gen_Incertae_sedis	0	0	8	30	22	1	14	22	5	33
1632119467a8952c964b5cc892e7b0ae	k_Fungi;p_Basidiomycota;c_Agaricomycetes;o_Agaricales;f_Bolbitiaceae;g_Conocybe	4	0	7	9	5	0	0	0	0	10
163eb388a69d5c6ead8ba0dfc87c7a6a	k_Fungi;p_Ascomycota;c_Dothideomycetes;o_Pleosporales;f_Pleosporales_fam_Incertae_sedis;g_Pleosporales_gen_Incertae_sedis	368	152	159	48	62	98	159	201	140	91
165464e88f889ae4fb1df7f8836e411d	k_Fungi;p_Ascomycota;c_Eurotiomycetes;o_Chaetothyriales	0	0	0	0	0	0	0	0	5	0
181d567814ac066768b77e5c4c8ab9c8	k_Fungi;p_Ascomycota;c_Sordariomycetes;o_Microascales;f_Microascaceae;g_Gamsia	63	0	0	0	0	8	0	0	17	25
188b61ed98c92d73607f4d4e2e70f02e	k_Fungi;p_Ascomycota;c_Leotiomycetes	0	12	0	0	0	27	0	10	2	0
18925596d0295138bf1b0adba4369ad5	k_Fungi;p_Ascomycota;c_Sordariomycetes;o_Sordariales;f_Chaetomiaceae;g_Mycothermus	0	0	24	12	0	0	0	0	0	0
18e70eec63299769ee091edcbe7b1003	k_Fungi;p_Glomeromycota;c_Glomeromycetes;o_Entrophosporales;f_Entrophosporaceae;g_Claroideoglomus	19	3	3	0	0	0	0	0	0	0
18ed9bd3251b47d89a67257c56389bd6	k_Fungi;p_Ascomycota;c_Sordariomycetes;o_Hypocreales;f_Ophiocordycipitaceae;g_Ophiocordycipitaceae_gen_Incertae_sedis	3	0	0	0	0	0	0	0	0	0
18f85a03253aa13b7672ceec011f3a1e	k_Fungi;p_Basidiomycota;c_Agaricomycetes;o_Agaricales;f_Physalacriaceae;g_Armillaria	0	0	0	4	0	0	0	0	0	0
1c71746db12ad36b906f3f5fae612574	k_Fungi;p_Ascomycota;c_Orbiliomycetes;o_Orbiliales;f_Orbiliaceae;g_Dactylella	0	0	0	6	0	0	0	0	1	0
1c8a1230fbaec69508566d522b1e0294	k_Fungi;p_Ascomycota;c_Sordariomycetes;o_Hypocreales;f_Bionectriaceae;g_Alloacremonium	60	0	185	57	0	65	22	6	124	152
1ca1add1564014cf2b13e0009966c805	k_Fungi;p_Ascomycota;c_Sordariomycetes;o_Microascales;f_Microascaceae;g_Kernia	0	0	19	0	0	0	0	0	17	21
1cd9d80099da09e458c52f59f276ccf6	k_Fungi;p_Ascomycota;c_Pezizomycetes;o_Pezizales;f_Pyronemataceae;g_Scutellinia	0	5	67	19	0	14	0	0	5	9
1db02d5b1cacf8c6df6b5e44a58543a8	k_Fungi;p_Ascomycota;c_Sordariomycetes;o_Glomerellales;f_Plectosphaerellaceae;g_Sodiomyces	0	0	27	52	0	0	0	0	0	0
1dd59657c809dcbc0d981e96c67105f1	k_Fungi;p_Ascomycota;c_Sordariomycetes;o_Sordariales;f_Sordariaceae;g_Neurospora	0	0	12	0	15	20	11	0	0	0
1ed90bf6cb9c024686a2c5f078758f5a	k_Fungi;p_Ascomycota;c_Sordariomycetes;o_Hypocreales;f_Clavicipitaceae;g_Marquandomyces	309	270	0	0	0	0	141	92	0	0
1ffed12e3239c98d69c162a0524694bf	k_Fungi;p_Aphelidiomycota;c_Aphelidiomycota_cls_Incertae_sedis;o_Aphelidiomycota_ord_Incertae_sedis;f_Aphelidiomycota_fam_Incertae_sedis;g_Aphelidiomycota_gen_Incertae_sedis	0	0	49	26	0	22	5	10	2	6
215d67e05adf52b839d932a5ba3b2077	k_Fungi;p_Ascomycota;c_Sordariomycetes;o_Sordariales;f_Neoschizotheciaceae;g_Apodus	53	378	39	87	208	163	41	39	118	180
223e93986d833f06257c449fc9c2a280	k_Fungi;p_Basidiomycota;c_Tremellomycetes;o_Tremellales;f_Bulleraceae;g_Bulleraceae_gen_Incertae_sedis	0	10	0	0	0	0	0	0	0	0
227fd7a1833f4cc2f5ff0cf0c346cc5b	k_Fungi;p_Basidiomycota;c_Agaricomycetes;o_Agaricales;f_Crepidotaceae;g_Simocybe	0	0	3	0	0	0	0	0	0	0
233cc72bc3cc267c8381cc2bfb01d70a	k_Fungi;p_Ascomycota;c_Dothideomycetes;o_Pleosporales;f_Phaeosphaeriaceae;g_Neosetophoma	45	16	0	5	0	9	0	0	22	46
234455c79e4760cdb172962d17ebc446	k_Fungi;p_Ascomycota;c_Sordariomycetes;o_Hypocreales;f_Bionectriaceae;g_Ijuhya	0	0	0	0	0	0	0	0	12	11
23648221dc9940052195d1763f09f6f5	k_Fungi;p_Basidiomycota;c_Tremellomycetes;o_Tremellales;f_Bulleraceae;g_Bullera	0	0	0	0	0	0	13	4	0	0
2482dbcfc0a12b1beb3147f0d4d25839	k_Fungi;p_Basidiomycota;c_Tremellomycetes;o_Tremellales;f_Rhynchogastremaceae;g_Papiliotrema	9	2	0	0	10	0	0	1	0	7
253f437cb1cf629fd6c53a691fc895e2	k_Fungi;p_Chytridiomycota;c_Chytridiomycetes;o_Chytridiomycetes_ord_Incertae_sedis;f_Chytridiomycetes_fam_Incertae_sedis;g_Olpidiaster	0	11	3	0	41	47	0	0	36	42
2641be6d1fb2164b7c1243d2b57b069c	k_Fungi;p_Mortierellomycota;c_Mortierellomycetes;o_Mortierellales;f_Mortierellaceae;g_Mortierellaceae_gen_Incertae_sedis	259	781	95	18	426	1093	930	611	184	320
2699add5d5b002c957a0c012da6b5f6f	k_Fungi;p_Zoopagomycota;c_Zoopagomycetes;o_Zoopagales;f_Piptocephalidaceae;g_Syncephalis	115	1077	165	488	369	360	255	161	199	104
26d60ac536ca63262b17af42a559ffb3	k_Fungi;p_Ascomycota;c_Orbiliomycetes;o_Orbiliales;f_Orbiliales_fam_Incertae_sedis;g_Orbiliales_gen_Incertae_sedis	0	5	0	4	0	0	0	2	53	34
26e0070c94dcc0c8039086653888fef2	k_Fungi;p_Ascomycota;c_Dothideomycetes;o_Muyocopronales;f_Muyocopronaceae;g_Leptodiscella	0	29	4	0	11	8	14	6	22	4
270034f0578580d51851c17104772b3e	k_Fungi;p_Ascomycota;c_Dothideomycetes;o_Pleosporales;f_Sporormiaceae;g_Sporormiaceae_gen_Incertae_sedis	0	0	0	0	0	0	0	0	10	0
2788c636c277b8b06e707574881de4b5	k_Fungi;p_Ascomycota;c_Sordariomycetes;o_Sordariales	60	104	74	39	111	62	55	37	667	546
27cce0a9409a8505266db35002a46c4a	k_Fungi;p_Basidiomycota;c_Tremellomycetes;o_Cystofilobasidiales;f_Cystofilobasidiaceae;g_Cystofilobasidium	0	0	0	19	0	0	0	0	0	0
29a1c412030a097212863c6d0409b4ad	k_Fungi;p_Basidiomycota;c_Agaricomycetes;o_Agaricales;f_Limnoperdaceae;g_Limnoperdaceae_gen_Incertae_sedis	0	6	0	0	0	0	0	0	0	0
29c731292f10382c505d72b8e7c969fe	k_Fungi;p_Chytridiomycota;c_Rhizophydiomycetes;o_Rhizophydiales;f_Alphamycetaceae;g_Alphamycetaceae_gen_Incertae_sedis	9	48	37	37	52	13	0	0	17	3
2a500208789c2bb0c41e7801098f9337	k_Fungi;p_Ascomycota;c_Sordariomycetes;o_Magnaporthales;f_Magnaporthaceae;g_Pseudophialophora	0	0	44	13	0	0	0	0	0	0
2cc0208145ad97ee001a5742dfcdb546	k_Fungi;p_Glomeromycota;c_Archaeosporomycetes;o_Archaeosporales;f_Archaeosporales_fam_Incertae_sedis;g_Archaeosporales_gen_Incertae_sedis	11	25	0	3	0	0	0	0	0	0
2f131a296ecb0b7c279d0ef46bcaa9d2	k_Fungi;p_Ascomycota;c_Sordariomycetes;o_Sordariales;f_Lasiosphaeriaceae;g_Apiosordaria	6	32	216	20	1	13	0	25	16	0
2fac7866681843ac6ca887ed0be36051	k_Fungi;p_Ascomycota;c_Dothideomycetes;o_Pleosporales;f_Leptosphaeriaceae;g_Alloleptosphaeria	0	0	0	0	0	11	0	0	0	0
2ff26e66a6cb32802608be25960c3731	k_Fungi;p_Ascomycota;c_Sordariomycetes;o_Microascales;f_Microascaceae;g_Microascaceae_gen_Incertae_sedis	0	0	16	17	0	0	0	0	0	0
2ffb4ef99b4cc0b359402af118bd3045	k_Fungi;p_Ascomycota;c_Dothideomycetes;o_Pleosporales;f_Didymosphaeriaceae;g_Bimuria	0	35	0	0	0	0	0	0	0	0
30875bd9be5ca3181ee9a7d901a15381	k_Fungi;p_Basidiomycota;c_Tremellomycetes;o_Tremellales;f_Cryptococcaceae;g_Cryptococcus	34	19	0	0	7	14	0	0	0	3
30d9065187f5786e0176ab16c9f8e539	k_Fungi;p_Ascomycota;c_Saccharomycetes;o_Saccharomycetales;f_Saccharomycetales_fam_Incertae_sedis;g_Saccharomycetales_gen_Incertae_sedis	10	21	9	0	7	0	0	0	0	0
30e6fec8ec4aed2ce1ca5cd0aa431a5c	k_Fungi;p_Basidiomycota;c_Agaricomycetes;o_Cantharellales;f_Ceratobasidiaceae;g_Ceratobasidiaceae_gen_Incertae_sedis	0	0	8	0	0	0	0	0	0	0
31604e1df27291116a71346824b6b5d7	k_Fungi;p_Ascomycota;c_Dothideomycetes;o_Pleosporales;f_Neopyrenochaetaceae;g_Neopyrenochaeta	79	47	0	22	17	189	10	64	29	74
3163e28d1a9de88d11cef4d1646e4cd5	k_Fungi;p_Ascomycota;c_Ascomycota_cls_Incertae_sedis;o_Ascomycota_ord_Incertae_sedis;f_Ascomycota_fam_Incertae_sedis;g_Volucrispora	0	5	0	28	0	0	0	0	0	0
31710f04c1d3def7bfea4ec1a43757f0	k_Fungi;p_Ascomycota	250	148	156	321	413	451	521	479	331	709
318047912296000bc6bd8772c3397f3c	k_Fungi;p_Basidiomycota;c_Agaricomycetes;o_Agaricales;f_Agaricales_fam_Incertae_sedis;g_Panaeolus	9	16	0	0	0	2	0	0	0	0
32a7a46f53859f748f442b2f38a85b28	k_Fungi;p_Basidiomycota;c_Agaricomycetes;o_Auriculariales;f_Hyaloriaceae;g_Hyaloriaceae_gen_Incertae_sedis	0	0	0	0	53	12	0	3	0	0
32e315833e2fffe7ffa8cfb7836fd5ad	k_Fungi;p_Ascomycota;c_Pezizomycetes;o_Pezizales;f_Pezizales_fam_Incertae_sedis;g_Pezizales_gen_Incertae_sedis	0	6	6	6	52	119	366	432	34	12
32f130a9a0ddc908b77b46dbe50078c2	k_Fungi;p_Basidiomycota;c_Agaricomycetes;o_Cantharellales;f_Ceratobasidiaceae;g_Ceratobasidium	0	10	0	0	0	0	0	0	0	0
331e2080b4eeed67720941fb2d34ca82	k_Fungi;p_Ascomycota;c_Eurotiomycetes;o_Onygenales;f_Onygenaceae;g_Onygenaceae_gen_Incertae_sedis	0	0	0	29	0	1	0	8	13	0
3320994f51a75754b628074b90da27d0	k_Fungi;p_Ascomycota;c_Sordariomycetes;o_Coniochaetales;f_Coniochaetaceae;g_Coniochaeta	51	53	15	8	0	0	45	11	21	17
33adac43d1106225f6f44a857f3b681b	k_Fungi;p_Ascomycota;c_Sordariomycetes;o_Hypocreales;f_Nectriaceae;g_Ilyonectria	313	284	390	275	79	190	99	127	359	165
34d5a0367b1fc5f12f0c456c51accc01	k_Fungi;p_Ascomycota;c_Sordariomycetes;o_Hypocreales;f_Clavicipitaceae;g_Keithomyces	534	1481	0	3	0	0	25	94	0	3
35308e278eb2f08a8ef6a6b02f3a54f9	k_Fungi;p_Basidiomycota;c_Agaricomycetes;o_Agaricales;f_Clavariaceae;g_Clavaria	0	30	484	277	385	228	68	84	76	31
35c4181afe913a643c2347b197546d6c	k_Fungi;p_Ascomycota;c_Leotiomycetes;o_Thelebolales;f_Pseudeurotiaceae;g_Pseudeurotium	102	58	10	65	37	19	157	164	159	113
35d828ea8eff7113f0e3eed88180d64d	k_Fungi;p_Ascomycota;c_Sordariomycetes;o_Coniochaetales;f_Coniochaetales_fam_Incertae_sedis;g_Coniochaetales_gen_Incertae_sedis	16	0	22	4	21	9	13	7	0	0
35f6878d8dbf018d48cd897c584f677c	k_Fungi;p_Ascomycota;c_Saccharomycetes;o_Saccharomycetales;f_Saccharomycetales_fam_Incertae_sedis;g_Candida	3	3	0	0	0	0	0	0	0	0
36c1752bf396c1057b4d0ef7872053f4	k_Fungi;p_Ascomycota;c_Leotiomycetes;o_Helotiales;f_Helotiales_fam_Incertae_sedis;g_Helotiales_gen_Incertae_sedis	75	171	1655	1935	1231	691	812	574	418	342
3711e6c7f77724961d828f3ec037df1b	k_Fungi;p_Basidiomycota;c_Agaricomycetes;o_Agaricales;f_Porotheleaceae;g_Porotheleaceae_gen_Incertae_sedis	0	48	0	0	0	0	0	0	0	0
37472b0547619adb220d75ab1718bf71	k_Fungi;p_Ascomycota;c_Dothideomycetes;o_Pleosporales;f_Dictyosporiaceae;g_Pseudodictyosporium	0	0	0	13	10	9	0	2	9	0
375367d880ee9903e949014948f956f0	k_Fungi;p_Basidiomycota;c_Agaricomycetes;o_Agaricales;f_Entolomataceae;g_Clitopilus	0	0	0	0	0	11	0	0	7	0
37e081a4f9e90b75414b6d344ce873b3	k_Fungi;p_Basidiomycota;c_Microbotryomycetes;o_Sporidiobolales;f_Sporidiobolaceae;g_Sporobolomyces	19	41	0	2	0	0	0	0	0	20
3816fb386372d185fc2df53af89211e8	k_Fungi;p_Ascomycota;c_Dothideomycetes;o_Pleosporales;f_Dictyosporiaceae;g_Jalapriya	0	0	0	0	0	0	0	0	5	1
3875362d520c18d17cded66f473aa776	k_Fungi;p_Ascomycota;c_Pezizomycetes;o_Pezizales;f_Pulvinulaceae;g_Pulvinulaceae_gen_Incertae_sedis	0	0	31	0	0	0	0	0	0	0
39336bbe92c24405cff364574100e1d2	k_Fungi;p_Ascomycota;c_Sordariomycetes;o_Hypocreales;f_Nectriaceae;g_Mariannaea	159	450	0	0	0	0	0	0	6	0
39540fe16684deff117951d950a03329	k_Fungi;p_Ascomycota;c_Sordariomycetes;o_Sordariales;f_Lasiosphaeriaceae;g_Lasiosphaeriaceae_gen_Incertae_sedis	0	23	0	0	0	0	0	0	18	20
396a00580e77596ab5f3d262b88502e1	k_Fungi;p_Ascomycota;c_Leotiomycetes;o_Helotiales;f_Helotiales_fam_Incertae_sedis	40	49	0	0	0	13	13	0	0	4
398d0d9d28a36fe976c640ee40438c8c	k_Fungi;p_Ascomycota;c_Sordariomycetes;o_Hypocreales;f_Bionectriaceae;g_Lasionectria	9	32	15	24	28	85	22	0	32	5
3a055208ac02108a4c7f5591eefc0172	k_Fungi;p_Ascomycota;c_Leotiomycetes;o_Helotiales;f_Pleuroascaceae;g_Pleuroascaceae_gen_Incertae_sedis	0	8	0	0	0	0	0	0	0	0
3af899f04166e1525cf3588978e1fa90	k_Fungi;p_Basidiomycota;c_Agaricomycetes;o_Agaricales;f_Psathyrellaceae;g_Coprinopsis	12	3	23	8	25	13	0	5	16	30
3b24ec65a28a597379bcd04062fb0f8e	k_Fungi;p_Ascomycota;c_Dothideomycetes;o_Venturiales;f_Venturiaceae	0	0	0	44	0	0	0	0	0	0
3ccef7fce5b2e646b4670e966a0609ef	k_Fungi;p_Ascomycota;c_Pezizomycotina_cls_Incertae_sedis;o_Pezizomycotina_ord_Incertae_sedis;f_Pezizomycotina_fam_Incertae_sedis;g_Hormiactis	35	0	0	76	30	16	51	14	22	0
3cfe605fc47c8b8d471164a860ebebb3	k_Fungi;p_Basidiomycota;c_Agaricomycetes;o_Tremellodendropsidales;f_Tremellodendropsidaceae;g_Tremellodendropsis	0	0	105	25	0	107	57	0	0	0
3d11630535cf482f51c26d45a896c425	k_Fungi;p_Ascomycota;c_Sordariomycetes;o_Glomerellales;f_Reticulascaceae;g_Reticulascus	26	0	0	0	0	0	0	0	0	0
3d38c23310a3cc83b0df366051f280eb	k_Fungi;p_Ascomycota;c_Sordariomycetes;o_Hypocreales;f_Cordycipitaceae;g_Samsoniella	0	12	0	0	0	0	0	0	0	0
3d3f34b43942f5140a7a12f0c5de1ebd	k_Fungi;p_Basidiomycota;c_Microbotryomycetes	0	0	13	0	0	0	0	3	0	0
3db18e19b16ef8e429768437e38bc80a	k_Fungi;p_Basidiomycota;c_Agaricomycetes;o_Agaricales;f_Clavariaceae;g_Clavariaceae_gen_Incertae_sedis	10	7	47	27	46	32	13	20	11	0
3df42c7cb918c98d532812b4aacdeaff	k_Fungi;p_Ascomycota;c_Sordariomycetes;o_Hypocreales;f_Hypocreaceae;g_Kiflimonium	48	21	0	0	0	0	0	0	0	0
3e28c62b2072bdd0c5d66ba4da75f4ca	k_Fungi;p_Ascomycota;c_Dothideomycetes;o_Pleosporales;f_Phaeosphaeriaceae;g_Leptospora	0	0	0	0	4	0	0	0	0	0
3e8641588ed3c7dfdb35adc5d0ff1ebf	k_Fungi;p_Ascomycota;c_Sordariomycetes;o_Savoryellales;f_Savoryellaceae;g_Savoryella	0	0	27	0	0	1	0	0	0	0
3ede0f0ff670b26f1dac691ff15c7e53	k_Fungi;p_Glomeromycota;c_Paraglomeromycetes;o_Paraglomerales;f_Paraglomeraceae;g_Paraglomus	11	27	0	0	0	0	0	0	0	0
3f26940e86c7e03164936b6408e7564b	k_Fungi;p_Olpidiomycota;c_Olpidiomycota_cls_Incertae_sedis;o_Olpidiomycota_ord_Incertae_sedis;f_Olpidiomycota_fam_Incertae_sedis;g_Olpidiomycota_gen_Incertae_sedis	5	3	0	0	6	0	0	0	52	189
3fefda947b457ac51f87dddc0883a5cf	k_Fungi;p_Basidiomycota;c_Ustilaginomycetes;o_Ustilaginales;f_Ustilaginaceae;g_Pseudozyma	0	5	0	0	0	0	0	0	0	0
401414b16e0b366c0bc0474e5a53cd51	k_Fungi;p_Ascomycota;c_Pezizomycetes;o_Pezizales;f_Pezizaceae;g_Pezizaceae_gen_Incertae_sedis	0	19	0	0	0	0	0	0	0	0
401666a33bf85775a6dc405271d9df79	k_Fungi;p_Basidiomycota;c_Agaricomycetes;o_Trechisporales;f_Hydnodontaceae;g_Trechispora	39	12	248	0	9	105	42	47	44	26
404f7f67ff9534ff2cbd94fabfc89388	k_Fungi;p_Ascomycota;c_Sordariomycetes;o_Microascales;f_Microascaceae;g_Acaulium	0	0	71	0	0	0	0	0	0	0
4144b687fe537fcb6f20b9753fd32a3c	k_Fungi;p_Basidiomycota;c_Agaricomycetes;o_Agaricales;f_Psathyrellaceae;g_Parasola	0	0	0	5	0	0	0	0	0	0
414810e8176c82a94ac0adb4ed09dfa2	k_Fungi;p_Kickxellomycota;c_Kickxellomycota_cls_Incertae_sedis;o_Kickxellomycota_ord_Incertae_sedis;f_Kickxellomycota_fam_Incertae_sedis;g_Kickxellomycota_gen_Incertae_sedis	20	12	7	18	29	28	58	11	9	28
42360b30b79c2c6f359d91c7129c5e4f	k_Fungi;p_Ascomycota;c_Sordariomycetes;o_Phomatosporales;f_Phomatosporaceae;g_Phomatospora	8	0	0	0	0	2	0	0	15	27
424f23aabccca787e6b97ac42bbe847b	k_Fungi;p_Ascomycota;c_Dothideomycetes;o_Pleosporales;f_Phaeosphaeriaceae;g_Ophiosphaerella	7	18	0	0	0	2	0	0	0	0
429dd3f6b4a202c4ab902ac6a35add32	k_Fungi;p_Basidiomycota;c_Agaricomycetes;o_Sebacinales;f_Serendipitaceae;g_Serendipita	0	3	19	18	98	8	51	71	0	0
43509f0756dedeafa4648c57cbbb61d3	k_Fungi;p_Ascomycota;c_Sordariomycetes;o_Sordariales;f_Chaetomiaceae;g_Staphylotrichum	34	19	52	15	889	1265	86	33	663	578
4360403cd3e59f847933844e89565fb8	k_Fungi;p_Ascomycota;c_Sordariomycetes;o_Hypocreales;f_Bionectriaceae;g_Clonostachys	524	524	432	638	308	176	199	223	295	178
43a95e01a5c67f3480668bd5c2851c34	k_Fungi;p_Ascomycota;c_Pezizomycetes;o_Pezizomycetes_ord_Incertae_sedis;f_Pezizomycetes_fam_Incertae_sedis;g_Pezizomycetes_gen_Incertae_sedis	5	0	7	16	0	2	5	0	23	57
43ace94b20b345c5182b74e5c996c868	k_Fungi;p_Ascomycota;c_Leotiomycetes;o_Helotiales;f_Helotiaceae;g_Cyathicula	11	28	0	0	0	0	0	0	0	0
44a93008a3806b97401571ae0da5b67e	k_Fungi;p_Ascomycota;c_Sordariomycetes;o_Xenospadicoidales;f_Xenospadicoidaceae;g_Lentomitella	0	3	0	0	0	0	0	0	0	0
45e9fdc33334041c5e574872704db2a0	k_Fungi;p_Ascomycota;c_Sordariomycetes;o_Hypocreales;f_Cordycipitaceae;g_Cordycipitaceae_gen_Incertae_sedis	0	19	0	0	0	29	0	46	162	126
47246015557c29383928ec3a275f1158	k_Fungi;p_Chytridiomycota;c_Cladochytriomycetes;o_Cladochytriales;f_Cladochytriales_fam_Incertae_sedis;g_Cladochytriales_gen_Incertae_sedis	0	1	0	6	3	4	11	0	9	17
473cfc468e13e14b16af225607c5beae	k_Fungi;p_Ascomycota;c_Sordariomycetes;o_Sordariales;f_Sordariaceae;g_Sordaria	0	10	0	0	0	0	0	0	0	0
4807055b51e7e5d9639d7e1650af8c0e	k_Fungi;p_Ascomycota;c_Sordariomycetes;o_Hypocreales;f_Bionectriaceae;g_Acremonium	12	56	32	41	93	349	20	330	50	833
4878cc14b6e1651ba06523a670e4fd3c	k_Fungi;p_Basidiomycota;c_Cystobasidiomycetes;o_Cystobasidiales;f_Cystobasidiaceae;g_Occultifur	0	0	1	0	0	0	0	0	0	0
49666b838337ef4553cc513fa364e83f	k_Fungi;p_Ascomycota;c_Dothideomycetes;o_Pleosporales;f_Phaeosphaeriaceae;g_Phaeosphaeriaceae_gen_Incertae_sedis	18	22	0	5	8	23	15	30	7	5
4988612f0d48172c7785cec69b4f12ea	k_Fungi;p_Ascomycota;c_Leotiomycetes;o_Helotiales;f_Pezizellaceae;g_Hyalodendriella	23	35	0	0	0	0	0	0	0	0
49ab3e593ec0955a91f66cfecb6819c5	k_Fungi;p_Ascomycota;c_Dothideomycetes;o_Pleosporales;f_Periconiaceae;g_Periconia	13	7	0	0	0	7	0	0	191	201
49b117a955ac6a4193c6414d74157b51	k_Fungi;p_Glomeromycota;c_Glomeromycetes;o_Glomerales;f_Glomeraceae;g_Rhizophagus	30	19	44	45	0	11	0	0	25	0
4b5cfbc96c425acc45b6ce7077cff72b	k_Fungi;p_Ascomycota;c_Sordariomycetes;o_Hypocreales;f_Hypocreales_fam_Incertae_sedis;g_Stanjemonium	12	0	0	6	62	100	0	0	7	16
4b6e73a45e956a58bc4e7694e56a2a0a	k_Fungi;p_Basidiomycota;c_Cystobasidiomycetes;o_Sakaguchiales;f_Sakaguchiaceae;g_Sakaguchia	0	26	0	0	0	0	7	0	0	4
4bfe433f48f73e43b61f3fac649b3279	k_Fungi;p_Ascomycota;c_Sordariomycetes;o_Hypocreales;f_Nectriaceae;g_Fusicolla	94	76	716	720	162	102	197	189	538	349
4c42a5c472135fd31ab0d76e8d391f3e	k_Fungi;p_Ascomycota;c_Sordariomycetes;o_Sordariales;f_Lasiosphaeriaceae;g_Zygopleurage	0	0	17	0	0	0	0	0	23	7
4c79ccc4f8170d0b578c47c12b14fb36	k_Fungi;p_Ascomycota;c_Sordariomycetes;o_Hypocreales;f_Bionectriaceae;g_Bionectriaceae_gen_Incertae_sedis	17	38	0	9	0	0	0	0	0	0
4ca9f8990eef01fcb47eb3e5bf58478f	k_Fungi;p_Ascomycota;c_Lecanoromycetes	0	1	0	0	0	0	0	0	0	0
4d5e0de842218ad91b946627d6341bb7	k_Fungi;p_Basidiomycota;c_Agaricomycetes;o_Polyporales;f_Steccherinaceae;g_Steccherinum	0	0	0	0	0	10	7	0	0	0
4ec63cd01d9d4bff6836796e135bb2d8	k_Fungi;p_Ascomycota;c_Dothideomycetes;o_Pleosporales;f_Sporormiaceae;g_Preussia	520	343	2025	1199	301	428	727	1478	1628	812
4f982847195ab67f4210df0afaf75069	k_Fungi;p_Ascomycota;c_Eurotiomycetes;o_Chaetothyriales;f_Herpotrichiellaceae;g_Exophiala	646	771	315	771	308	246	332	244	282	73
4fc4ffc8ad3f63417f3be66e4629739c	k_Fungi;p_Ascomycota;c_Sordariomycetes;o_Microascales;f_Microascales_fam_Incertae_sedis;g_Cephalotrichiella	0	0	0	13	0	0	0	0	0	0
5025f9ace34d113e6387aa2761920bbd	k_Fungi;p_Ascomycota;c_Eurotiomycetes;o_Onygenales;f_Onygenales_fam_Incertae_sedis;g_Onygenales_gen_Incertae_sedis	7	67	48	41	39	62	0	30	49	20
50b1c8ad9b919028c2e32aa329c607a5	k_Fungi;p_Basidiomycota;c_Ustilaginomycetes;o_Urocystidales;f_Urocystidaceae;g_Urocystis	0	0	111	96	0	0	0	0	0	0
50c5388769ed6c4147041784c214ba91	k_Fungi;p_Zoopagomycota;c_Zoopagomycetes;o_Zoopagales;f_Zoopagales_fam_Incertae_sedis;g_Zoopagales_gen_Incertae_sedis	0	2	45	29	0	5	13	2	3	2
50df7a774788db10f26f51db9bc88d6a	k_Fungi;p_Ascomycota;c_Leotiomycetes;o_Helotiales;f_Pezizellaceae;g_Calycina	0	70	0	0	0	0	0	0	0	0
518c1be0d9b6fefe8c8a563733fd99ea	k_Fungi;p_Ascomycota;c_Dothideomycetes;o_Mycosphaerellales;f_Teratosphaeriaceae;g_Devriesia	0	0	0	0	0	0	0	2	0	0
51d39f7245e63e3fc2c01d0532d3fed6	k_Fungi;p_Ascomycota;c_Sordariomycetes;o_Hypocreales;f_Hypocreaceae;g_Hypomyces	11	0	8	0	0	0	8	0	0	0
52a21c107edd8df09a971fa76af060bb	k_Fungi;p_Basidiomycota;c_Agaricomycetes;o_Agaricales;f_Strophariaceae;g_Hypholoma	0	0	0	0	0	6	0	0	0	0
5432ff4270a70a55ebafbd8ad915da2d	k_Fungi;p_Ascomycota;c_Leotiomycetes;o_Helotiales;f_Cenangiaceae;g_Trochila	0	0	0	0	0	14	0	0	0	0
547fe59dc02b09741cfafbb89e56d862	k_Fungi;p_Kickxellomycota;c_Ramicandelaberomycetes;o_Ramicandelaberales;f_Ramicandelaberaceae;g_Ramicandelaber	6	6	48	14	4	4	0	3	1	21
5594e20da8256b5e1eb31895a54914b8	k_Fungi;p_Basidiomycota;c_Tremellomycetes;o_Tremellales;f_Bulleribasidiaceae;g_Vishniacozyma	19	0	110	46	74	40	12	41	19	25
568d6444535e338ea496c50063f934e9	k_Fungi;p_Ascomycota;c_Sordariomycetes;o_Boliniales;f_Boliniales_fam_Incertae_sedis;g_Boliniales_gen_Incertae_sedis	0	10	0	0	0	0	0	0	0	0
5691d9d7eaf213913531d6227263d36c	k_Fungi;p_Ascomycota;c_Sordariomycetes;o_Hypocreales;f_Stachybotryaceae	76	24	0	0	105	67	109	58	39	0
5826f3ae2d84e7b10518c0c6063f618d	k_Fungi;p_Ascomycota;c_Dothideomycetes;o_Pleosporales	16	10	0	41	0	34	0	0	6	29
589e7998e8647181fd860252d33da429	k_Fungi;p_Ascomycota;c_Ascomycota_cls_Incertae_sedis;o_Ascomycota_ord_Incertae_sedis;f_Ascomycota_fam_Incertae_sedis;g_Ascomycota_gen_Incertae_sedis	408	381	75	207	355	412	616	537	403	263
59ca5961cd06cc09de814a089edd2a50	k_Fungi;p_Ascomycota;c_Saccharomycetes;o_Saccharomycetales;f_Debaryomycetaceae;g_Schwanniomyces	6	17	0	0	0	2	0	0	4	22
5a033224a7e68eacb39fcbb82ded5420	k_Fungi;p_Mortierellomycota;c_Mortierellomycetes;o_Mortierellales;f_Mortierellaceae;g_Tyroliella	0	0	8	10	17	47	6	3	0	3
5a62bc9e5495a094c8b0067a88784697	k_Fungi;p_Ascomycota;c_Laboulbeniomycetes;o_Pyxidiophorales;f_Pyxidiophorales_fam_Incertae_sedis;g_Pyxidiophorales_gen_Incertae_sedis	0	0	0	3	6	40	0	0	0	0
5b65eb2b4f1e4806cfc066e2f8cb77c2	k_Fungi;p_Ascomycota;c_Leotiomycetes;o_Helotiales;f_Lachnaceae;g_Lachnum	0	218	0	0	0	0	0	0	0	0
5bf0e592cb669a38962a5f63267d941d	k_Fungi;p_Rozellomycota;c_Rozellomycotina_cls_Incertae_sedis;o_GS11;f_GS11_fam_Incertae_sedis;g_GS11_gen_Incertae_sedis	35	0	17	46	121	70	189	55	117	206
5c80c8357673a3ee2d06459e15eba1b0	k_Fungi;p_Basidiomycota;c_Agaricomycetes;o_Agaricales;f_Hymenogastraceae;g_Gymnopilus	0	0	0	0	0	1	0	0	0	0
5cd1fa3bc862f330807a42066b777103	k_Fungi;p_Ascomycota;c_Eurotiomycetes;o_Onygenales;f_Onygenaceae;g_Malbranchea	10	16	0	0	0	17	19	30	108	235
5d39684ee3ba1bb8912ea413e0944aba	k_Fungi;p_Ascomycota;c_Archaeorhizomycetes;o_Archaeorhizomycetales;f_Archaeorhizomycetaceae;g_Archaeorhizomyces	682	903	794	308	309	97	194	58	14	45
5d723578b75bc2c43120f2d5ae57fdf2	k_Fungi;p_Ascomycota;c_Sordariomycetes;o_Hypocreales;f_Cordycipitaceae	0	16	0	0	0	0	0	0	0	0
5de946849ad4564eade890da05322858	k_Fungi;p_Ascomycota;c_Sordariomycetes;o_Hypocreales;f_Hypocreales_fam_Incertae_sedis;g_Hypocreales_gen_Incertae_sedis	682	420	1551	714	831	962	723	349	1090	937
5df88103cdf16b5d87d5749015f1a9fe	k_Fungi;p_Ascomycota;c_Sordariomycetes;o_Hypocreales;f_Bionectriaceae;g_Verruciconidia	69	0	184	152	135	193	65	181	331	200
5f682c83f2571a44dfe030f00cf79ea1	k_Fungi;p_Ascomycota;c_Sordariomycetes;o_Sordariales;f_Chaetomiaceae;g_Humicola	0	0	0	0	0	0	0	0	12	0
5fad617351582fcac5b4bfd22f88d7fa	k_Fungi;p_Chytridiomycota;c_Spizellomycetes;o_Spizellomycetales;f_Spizellomycetales_fam_Incertae_sedis;g_Spizellomycetales_gen_Incertae_sedis	26	11	0	0	0	0	0	24	3	13
605ed19ea5f794b16eaaa1a315e71a1e	k_Fungi;p_Ascomycota;c_Dothideomycetes;o_Pleosporales;f_Dictyosporiaceae;g_Pseudocoleophoma	0	0	0	5	0	2	8	36	0	0
61a029fa7ddc724c0d17280c088e2a84	k_Fungi;p_Ascomycota;c_Leotiomycetes;o_Helotiales;f_Sclerotiniaceae;g_Clarireedia	0	0	0	10	0	15	0	14	0	0
61bc42f0287d4f48c2a33a85ee775e90	k_Fungi;p_Basidiomycota;c_Agaricomycetes;o_Agaricales	4	0	32	13	48	61	12	26	25	58
6235c763780c24dec676ec4618f8f79e	k_Fungi;p_Basidiomycota;c_Exobasidiomycetes;o_Georgefischeriales;f_Tilletiariaceae;g_Tilletiaria	0	9	0	0	0	0	0	0	0	4
62e2d041c6b164dc81afa9cf6ddb720e	k_Fungi;p_Ascomycota;c_Dothideomycetes;o_Tubeufiales;f_Tubeufiaceae;g_Zaanenomyces	0	0	0	0	0	0	0	0	8	0
63b7b438c65577bc890452675e99d066	k_Fungi;p_Ascomycota;c_Sordariomycetes;o_Hypocreales;f_Bionectriaceae;g_Valsonectria	0	11	0	0	0	0	0	0	0	0
63bdffeea1f396a235a0aec44c29ae1f	k_Fungi;p_Basidiomycota;c_Agaricomycetes;o_Tremellodendropsidales;f_Tremellodendropsidales_fam_Incertae_sedis;g_Tremellodendropsidales_gen_Incertae_sedis	0	9	0	0	0	0	0	0	0	0
647154b80540bbbfa6eaa05091ba90da	k_Fungi;p_Ascomycota;c_Dothideomycetes;o_Pleosporales;f_Roussoellaceae;g_Neoroussoella	22	0	0	0	0	0	0	0	0	0
64b4faca47c9d98bb9f266c16036ec75	k_Fungi;p_Ascomycota;c_Leotiomycetes;o_Helotiales;f_Lachnaceae	0	0	0	0	22	17	0	0	0	0
64ec13fa164c85826b47029f2f253dfe	k_Fungi;p_Chytridiomycota;c_Chytridiomycota_cls_Incertae_sedis;o_Chytridiomycota_ord_Incertae_sedis;f_Chytridiomycota_fam_Incertae_sedis;g_Chytridiomycota_gen_Incertae_sedis	3	15	324	13	12	14	0	15	17	44
6561b49957472649f70f2e0e30fd9df0	k_Fungi;p_Ascomycota;c_Sordariomycetes;o_Coniochaetales;f_Coniochaetaceae;g_Lecythophora	238	478	0	0	68	48	88	89	0	0
6591310442e0d49d0b3ad91a17b7e6aa	k_Fungi;p_Ascomycota;c_Sordariomycetes;o_Sordariales;f_Lasiosphaeriaceae;g_Lasiosphaeria	0	12	0	0	0	0	0	0	0	0
6625e41458e5dd84951cd31df06c96b4	k_Fungi;p_Basidiomycota;c_Ustilaginomycetes;o_Ustilaginales;f_Ustilaginaceae;g_Ustilago	0	0	2	0	0	0	0	0	0	0
66aceda0c5cae5a5b8703daa4120073c	k_Fungi;p_Ascomycota;c_Pezizomycetes;o_Pezizales;f_Pyronemataceae;g_Trichophaeopsis	0	0	0	0	0	0	0	0	0	3
673a3d6938de939c639b96e68bb551ee	k_Fungi;p_Basidiomycota;c_Agaricomycetes;o_Polyporales;f_Polyporaceae	0	0	5	0	0	0	0	0	0	0
684669058da3039f55d4e2dc13d8c35d	k_Fungi;p_Ascomycota;c_Sordariomycetes;o_Hypocreales;f_Bionectriaceae;g_Nectriopsis	0	0	0	0	0	0	0	3	0	0
68762b472030e92a3a11dd5d47e26eb4	k_Fungi;p_Mortierellomycota;c_Mortierellomycetes;o_Mortierellales;f_Mortierellaceae;g_Linnemannia	732	420	436	437	669	469	2230	679	587	1104
68ab80d0fe4c7733159df7e7283ef8a7	k_Fungi;p_Ascomycota;c_Sordariomycetes;o_Sordariales;f_Chaetomiaceae;g_Chaetomiaceae_gen_Incertae_sedis	40	37	22	0	0	0	0	0	38	0
68ae26cfe4e3fa63ed09f261004f94e7	k_Fungi;p_Basidiomycota;c_Agaricomycetes;o_Sebacinales;f_Sebacinaceae;g_Sebacinaceae_gen_Incertae_sedis	0	3	0	0	0	0	0	0	0	0
693d75b29e80ab97ade28ce78bf8deda	k_Fungi;p_Ascomycota;c_Dothideomycetes;o_Pleosporales;f_Torulaceae;g_Torula	0	0	0	0	32	9	0	0	28	0
69973523e46063873295aa5a09fa983b	k_Fungi;p_Basidiomycota;c_Agaricomycetes;o_Agaricomycetes_ord_Incertae_sedis;f_Agaricomycetes_fam_Incertae_sedis;g_Agaricomycetes_gen_Incertae_sedis	18	19	114	33	23	43	57	42	28	46
69e1a4356e17f4407e0877b4f4a2bbdb	k_Fungi;p_Ascomycota;c_Eurotiomycetes;o_Chaetothyriales;f_Herpotrichiellaceae;g_Herpotrichiellaceae_gen_Incertae_sedis	0	12	0	0	8	5	0	1	0	0
6a2134c6a53fedf045a948f485ef3744	k_Fungi;p_Rozellomycota;c_Rozellomycotina_cls_Incertae_sedis;o_Branch03;f_Branch03_fam_Incertae_sedis;g_Branch03_gen_Incertae_sedis	27	12	0	3	0	0	0	0	32	7
6a6cf9a2d9af63078339d38479e5c91b	k_Fungi;p_Ascomycota;c_Eurotiomycetes;o_Onygenales;f_Neoarthropsidaceae;g_Albidomyces	0	0	0	0	0	0	0	4	0	0
6bdb0fc4b430b5ea280b68444a744355	k_Fungi;p_Rozellomycota;c_Rozellomycotina_cls_Incertae_sedis;o_GS05;f_GS05_fam_Incertae_sedis;g_GS05_gen_Incertae_sedis	8	7	10	10	0	1	0	0	7	4
6be87d7c41aee73c60c89ead5bf2a40f	k_Fungi;p_Rozellomycota;c_Rozellomycotina_cls_Incertae_sedis;o_GS02;f_GS02_fam_Incertae_sedis;g_GS02_gen_Incertae_sedis	0	0	41	0	0	0	0	0	0	0
6c8039f4ee29c76364e5ac87ea85407e	k_Fungi;p_Ascomycota;c_Sordariomycetes;o_Microascales;f_Microascaceae;g_Cephalotrichum	0	0	0	0	9	95	0	0	356	215
6e2aaa42fb80fe7678812bc7ebe67446	k_Fungi;p_Ascomycota;c_Sordariomycetes;o_Xylariales;f_Microdochiaceae;g_Microdochium	15	20	0	5	0	0	0	0	0	5
6e49b44b2acaec155cc49b818ae1262c	k_Fungi;p_Ascomycota;c_Leotiomycetes;o_Helotiales;f_Helotiales_fam_Incertae_sedis;g_Cistella	16	9	70	47	176	84	31	30	19	0
6efd26f2a837fac945d3f77884816e1a	k_Fungi;p_Basidiomycota;c_Agaricomycetes;o_Russulales;f_Peniophoraceae;g_Peniophora	0	0	0	0	0	4	0	0	0	0
6f65cb830a392a190aa7075e3a85d769	k_Fungi;p_Ascomycota;c_Sordariomycetes;o_Sordariales;f_Chaetomiaceae;g_Melanocarpus	0	0	70	11	0	0	0	0	0	0
6f708c841d5ee49c5974e6bacbb8d989	k_Fungi;p_Chytridiomycota;c_Rhizophydiomycetes;o_Rhizophydiales;f_Rhizophydiales_fam_Incertae_sedis;g_Rhizophydiales_gen_Incertae_sedis	286	469	189	333	229	253	81	135	93	234
702f8e95ffd5ee4a320195ba205944ed	k_Fungi;p_Ascomycota;c_Orbiliomycetes;o_Orbiliales;f_Orbiliaceae;g_Orbiliaceae_gen_Incertae_sedis	15	36	0	0	0	14	0	0	0	4
70c83d2b4becd594f85eb7bd0d886678	k_Fungi;p_Ascomycota;c_Leotiomycetes;o_Helotiales;f_Helotiaceae;g_Scytalidium	0	0	15	16	0	3	18	115	0	4
717ffbcd1e73fb7e5d160847dae7ea8f	k_Fungi;p_Ascomycota;c_Dothideomycetes;o_Pleosporales;f_Didymellaceae;g_Chaetasbolisia	8	0	12	48	37	34	0	5	62	50
71d1e24a1cca99179ec9b41dd35bb38f	k_Fungi;p_Ascomycota;c_Eurotiomycetes;o_Onygenales;f_Onygenaceae;g_Keratinophyton	0	2	0	0	0	0	0	0	0	0
73fb920714c51cfe5d81549b7ae7a923	k_Fungi;p_Ascomycota;c_Sordariomycetes;o_Sordariales;f_Neoschizotheciaceae;g_Neoschizothecium	109	12	0	48	16	23	0	0	214	110
742dd7c6630a18d0c2434ac00a9c2f1f	k_Fungi;p_Ascomycota;c_Sordariomycetes;o_Sordariales;f_Bombardiaceae;g_Ramophialophora	0	0	5	334	130	290	19	65	181	175
744f18001bc21e805ad5ac4b45df5019	k_Fungi;p_Ascomycota;c_Sordariomycetes;o_Savoryellales;f_Savoryellaceae	0	0	14	0	0	0	0	0	0	0
750f0f6cd4aaa9b79dd89cd4ad921316	k_Fungi;p_Ascomycota;c_Sordariomycetes;o_Xylariales;f_Xylariales_fam_Incertae_sedis;g_Xylariales_gen_Incertae_sedis	0	7	0	0	0	2	0	0	0	0
76d9f733cdebb495a00597e517574ff6	k_Fungi;p_Ascomycota;c_Sordariomycetes;o_Xylariomycetidae_ord_Incertae_sedis;f_Xylariomycetidae_fam_Incertae_sedis;g_Calceomyces	0	0	0	11	0	0	0	0	0	6
7730d1e3203a45c7857c6de38db9d22f	k_Fungi;p_Ascomycota;c_Sordariomycetes;o_Xylariales;f_Hypoxylaceae;g_Hypoxylon	0	0	0	0	0	2	0	0	0	0
77c8eba0ae92b8b1f151646e1402d27c	k_Fungi;p_Chytridiomycota;c_Spizellomycetes;o_Spizellomycetales;f_Spizellomycetaceae;g_Spizellomyces	0	0	0	0	0	0	0	2	0	12
77f65ffe5653d81e1fe29164c3534329	k_Fungi;p_Ascomycota;c_Sordariomycetes;o_Sordariomycetes_ord_Incertae_sedis;f_Junewangiaceae;g_Junewangiaceae_gen_Incertae_sedis	0	8	0	0	0	0	0	0	0	0
78baeb4acaf2da94c88c9c8a227cbbdb	k_Fungi;p_Ascomycota;c_Dothideomycetes;o_Pleosporales;f_Pleosporaceae	25	0	41	15	0	5	0	31	15	0
78f786d4727376c9fabac62063509ad8	k_Fungi;p_Ascomycota;c_Dothideomycetes;o_Capnodiales;f_Capnodiaceae;g_Chaetocapnodium	0	0	8	0	0	0	0	0	0	0
7902a69089f69b1838947eac2af665ce	k_Fungi;p_Basidiomycota;c_Malasseziomycetes;o_Malasseziales;f_Malasseziaceae;g_Malassezia	0	4	0	0	0	0	0	0	0	3
7a2bde330f1aaeddc77940a3fd8255aa	k_Fungi;p_Olpidiomycota;c_Olpidiomycetes;o_Olpidiales;f_Olpidiaceae;g_Olpidium	0	0	0	18	0	7	15	0	0	0
7a43cd1d992604b65cc0ad278bf29be7	k_Fungi;p_Rozellomycota;c_Rozellomycotina_cls_Incertae_sedis;o_GS08;f_GS08_fam_Incertae_sedis;g_GS08_gen_Incertae_sedis	0	0	1	0	0	15	9	0	0	2
7a81cc149fbb7b386d41e4fc2e92143e	k_Fungi;p_Mucoromycota;c_Endogonomycetes;o_Endogonomycetes_ord_Incertae_sedis;f_Endogonomycetes_fam_Incertae_sedis;g_Endogonomycetes_gen_Incertae_sedis	0	0	28	70	22	49	0	15	30	0
7b29cfa38d0c487b92de212b831f8d1d	k_Fungi;p_Glomeromycota;c_Glomeromycetes;o_Glomerales;f_Glomeraceae;g_Funneliformis	0	0	0	7	0	0	0	0	11	0
7b48ad32875476094a6b0d1407e1c7d1	k_Fungi;p_Ascomycota;c_Ascomycota_cls_Incertae_sedis;o_Ascomycota_ord_Incertae_sedis;f_Ascomycota_fam_Incertae_sedis;g_Phaeodactylium	0	19	0	0	0	0	0	0	0	56
7b7adf1202969cb0f894d7c424929812	k_Fungi;p_Ascomycota;c_Dothideomycetes;o_Pleosporales;f_Pyrenochaetopsidaceae;g_Xenopyrenochaetopsis	415	140	0	0	0	0	0	0	0	0
7bb6e2a4259939a5bbc75575e37c169e	k_Fungi;p_Basidiomycota;c_Agaricomycetes;o_Agaricales;f_Agaricaceae;g_Coprinus	0	0	0	5	0	0	0	0	0	0
7bd71a6186f8e327df0681e09427a03a	k_Fungi;p_Basidiomycota;c_Agaricomycetes;o_Auriculariales;f_Oliveoniaceae;g_Oliveonia	18	16	17	0	0	0	0	0	0	2
7d6a1318ec6d590cb1ae1bb8df1e1503	k_Fungi;p_Ascomycota;c_Leotiomycetes;o_Helotiales;f_Ploettnerulaceae;g_Cadophora	161	545	211	26	331	299	755	795	47	49
7dfd6241572f38ff973152865fad0f76	k_Fungi;p_Ascomycota;c_Sordariomycetes;o_Glomerellales;f_Plectosphaerellaceae;g_Verticillium	0	36	0	0	46	37	0	0	41	0
7e99a0575f125fada521b8f004370b19	k_Fungi;p_Ascomycota;c_Eurotiomycetes;o_Eurotiales;f_Aspergillaceae	0	0	0	0	0	0	43	0	0	0
7f6a646bd13e8ed2a7fbfee905422f94	k_Fungi;p_Ascomycota;c_Sordariomycetes;o_Hypocreales;f_Nectriaceae;g_Thelonectria	18	0	34	68	0	5	0	0	28	12
7f6fba2f705086580fb096a58e760022	k_Fungi;p_Rozellomycota;c_Rozellomycota_cls_Incertae_sedis;o_Rozellomycota_ord_Incertae_sedis;f_Rozellomycota_fam_Incertae_sedis;g_Rozellomycota_gen_Incertae_sedis	411	401	134	126	197	242	691	358	576	207
7f7559ffdfed8813ffb0fda2f9e72120	k_Fungi;p_Ascomycota;c_Lecanoromycetes;o_Lecanorales;f_Lecanorales_fam_Incertae_sedis;g_Lecanorales_gen_Incertae_sedis	0	6	33	0	0	7	0	0	0	0
7f7ae4fd6dac6067cc1825dafb9ef135	k_Fungi;p_Basidiobolomycota;c_Basidiobolomycetes;o_Basidiobolales;f_Basidiobolaceae;g_Basidiobolus	0	0	0	0	0	0	0	0	32	0
7fbb93d82e4abea98be2b43aa3e311fd	k_Fungi	5830	4872	4767	4494	4072	3910	4881	4178	3529	4229
80216773366d30b288096eef0a0b2df6	k_Fungi;p_Ascomycota;c_Sordariomycetes;o_Hypocreales;f_Stachybotryaceae;g_Alfaria	5	0	0	7	0	4	0	0	33	50
8057ebebd7e29c7569a5496f8b58ce4a	k_Fungi;p_Ascomycota;c_Sordariomycetes;o_Xylariales;f_Xylariales_fam_Incertae_sedis;g_Xenoanthostomella	0	0	0	0	0	8	0	0	0	0
8129d5624ad658f89f957916068e881e	k_Fungi;p_Basidiomycota;c_Agaricomycetes;o_Sebacinales;f_Sebacinaceae;g_Efibulobasidium	0	0	0	0	18	27	0	0	0	0
8150261c77d39519d7d1c1534c410b0b	k_Fungi;p_Ascomycota;c_Sordariomycetes;o_Sordariales;f_Chaetomiaceae;g_Remersonia	0	0	0	11	0	0	0	0	0	0
81b7437613ba69074c87b05ebdf96b15	k_Fungi;p_Ascomycota;c_Sordariomycetes;o_Hypocreales;f_Bionectriaceae;g_Gliomastix	62	86	179	110	65	40	0	0	60	25
8291c6d8299999b327fa8ffde491ee2e	k_Fungi;p_Ascomycota;c_Leotiomycetes;o_Leotiomycetes_ord_Incertae_sedis;f_Leotiomycetes_fam_Incertae_sedis;g_Leotiomycetes_gen_Incertae_sedis	0	5	0	0	22	3	0	7	0	0
833776994fa609a9c2474e6f2d887f57	k_Fungi;p_Ascomycota;c_Dothideomycetes;o_Pleosporales;f_Dacampiaceae;g_Aaosphaeria	8	0	10	5	0	0	0	0	0	0
837e872dd77fdb9ecc4a8229379c515a	k_Fungi;p_Ascomycota;c_Leotiomycetes;o_Helotiales;f_Pezizellaceae	0	14	0	0	0	0	0	0	0	0
8394e2c4ebc1a5abcdcc46bb6b3ed716	k_Fungi;p_Ascomycota;c_Sordariomycetes;o_Hypocreales;f_Stachybotryaceae;g_Stachybotryaceae_gen_Incertae_sedis	8	0	87	29	27	10	6	2	135	108
83ad316b90ae6e7b452c6eef37b99d18	k_Fungi;p_Basidiomycota;c_Basidiomycota_cls_Incertae_sedis;o_Basidiomycota_ord_Incertae_sedis;f_Basidiomycota_fam_Incertae_sedis;g_Basidiomycota_gen_Incertae_sedis	185	35	17	5	10	97	40	14	16	10
83b953fa09aa85cee099106db66ec014	k_Fungi;p_Ascomycota;c_Sordariomycetes;o_Coronophorales;f_Ceratostomataceae;g_Harzia	0	0	51	0	0	1	0	0	0	0
83bddc778834b1a3c1767f0623569410	k_Fungi;p_Glomeromycota;c_Glomeromycetes;o_Glomerales;f_Glomeraceae;g_Glomeraceae_gen_Incertae_sedis	26	56	301	31	143	72	28	124	45	0
83ddbe932d3a194939266f2685cbc2a2	k_Fungi;p_Ascomycota;c_Sordariomycetes;o_Hypocreales;f_Stachybotryaceae;g_Striatibotrys	17	0	0	0	0	2	0	0	36	33
83de4cdc62445bfabacb669a405e401c	k_Fungi;p_Basidiomycota;c_Microbotryomycetes;o_Sporidiobolales;f_Sporidiobolaceae;g_Rhodotorula	15	28	51	46	29	15	7	7	20	20
8477293711ae769ad34a86f51ba4611b	k_Fungi;p_Ascomycota;c_Sordariomycetes;o_Sordariales;f_Chaetomiaceae;g_Botryotrichum	0	39	49	111	52	67	107	63	174	100
858f6f6827508f4cdca77c8af64e15bd	k_Fungi;p_Ascomycota;c_Sordariomycetes;o_Hypocreales;f_Stachybotryaceae;g_Stachybotrys	3	0	58	96	25	3	0	14	7	0
877b1af763b33a78fb580907ccc60521	k_Fungi;p_Ascomycota;c_Sordariomycetes;o_Hypocreales;f_Clavicipitaceae;g_Neobarya	0	9	0	0	0	0	0	0	0	0
87a9de3d5b0929d3b3e6b631761bcdd4	k_Fungi;p_Glomeromycota;c_Glomeromycetes;o_Diversisporales;f_Acaulosporaceae	0	0	5	0	0	0	0	0	0	0
88673f857215d6cd76d9051f1fc037ab	k_Fungi;p_Basidiomycota;c_Tremellomycetes;o_Tremellales;f_Tremellaceae;g_Tremella	21	13	48	21	39	60	0	0	18	4
8901f9b22f058ba3b7a1355e4dac18e7	k_Fungi;p_Basidiomycota;c_Microbotryomycetes;o_Heterogastridiales;f_Heterogastridiaceae;g_Pycnopulvinus	0	0	0	0	5	16	0	0	0	0
8998880dcc74089f6f363face9567c24	k_Fungi;p_Ascomycota;c_Dothideomycetes;o_Pleosporales;f_Didymellaceae;g_Xenodidymella	31	15	21	100	0	0	0	9	0	30
89f6c521f1924a47fbc710dab84c3f53	k_Fungi;p_Basidiomycota;c_Tremellomycetes;o_Tremellales;f_Bulleribasidiaceae;g_Bulleribasidiaceae_gen_Incertae_sedis	0	0	257	295	49	37	106	79	228	20
8a3eaa5f957eb0704cb2ad7d4c583e10	k_Fungi;p_Ascomycota;c_Sordariomycetes;o_Glomerellales;f_Plectosphaerellaceae	1606	216	461	1056	1212	2112	67	36	2431	2357
8b4d47e7e037f7286fce9f33db76802c	k_Fungi;p_Ascomycota;c_Sordariomycetes;o_Sordariales;f_Podosporaceae;g_Podospora	106	21	0	0	0	0	0	6	19	0
8b67ddff58f5a97e0d5da12fcca0bf82	k_Fungi;p_Ascomycota;c_Dothideomycetes;o_Pleosporales;f_Didymosphaeriaceae;g_Paraphaeosphaeria	18	41	6	10	21	0	0	0	84	16
8b68fe39fd1d686b5ef773b7a5f18f64	k_Fungi;p_Glomeromycota;c_Glomeromycetes;o_Diversisporales;f_Diversisporaceae;g_Diversispora	0	0	9	0	10	11	0	0	0	0
8bc8319d4d1174627488f679fa9b1678	k_Fungi;p_Ascomycota;c_Dothideomycetes;o_Microthyriales;f_Microthyriaceae;g_Isthmomyces	0	0	0	3	0	0	0	0	0	0
8be1b9a8120cb0a9696dfdec558dcdac	k_Fungi;p_Ascomycota;c_Pezizomycetes;o_Pezizales;f_Pyronemataceae;g_Pyronemataceae_gen_Incertae_sedis	25	60	0	0	0	0	32	27	29	194
8cb7da06eb4bbdc07bbf6999b2234989	k_Fungi;p_Basidiomycota;c_Agaricomycetes;o_Hymenochaetales;f_Rickenellaceae;g_Cotylidia	0	0	0	0	0	0	121	58	0	0
8cb80da343eac60b759fe91124c5e657	k_Fungi;p_Ascomycota;c_Leotiomycetes;o_Helotiales;f_Discinellaceae;g_Articulospora	0	0	0	0	0	8	0	0	0	0
8ce621ca0700b2883f244fee308464c8	k_Fungi;p_Basidiomycota;c_Tremellomycetes;o_Trichosporonales;f_Tetragoniomycetaceae;g_Tetragoniomyces	12	13	0	0	0	0	0	0	0	0
8d6e86da10900d5a599c25803dfb843e	k_Fungi;p_Ascomycota;c_Leotiomycetes;o_Helotiales;f_Calloriaceae;g_Calloria	0	0	0	0	0	0	0	0	47	0
8d85cb5dde0aa00bae2d9ff6d00bdcf7	k_Fungi;p_Ascomycota;c_Eurotiomycetes;o_Onygenales;f_Onygenaceae;g_Castanedomyces	0	13	0	0	0	2	0	0	20	5
8dc43252e3193f1f19e8b2e3c4d6b03b	k_Fungi;p_Ascomycota;c_Eurotiomycetes;o_Eurotiales	0	0	0	0	0	17	0	0	1010	759
8dfba7769ddcef38940d5729cbe68344	k_Fungi;p_Ascomycota;c_Pezizomycetes;o_Pezizales;f_Pseudombrophilaceae;g_Heydenia	0	0	0	0	0	0	0	4	0	0
8ea5944809f6d7f574ce6195f229812d	k_Fungi;p_Ascomycota;c_Sordariomycetes;o_Hypocreales;f_Stachybotryaceae;g_Striaticonidium	0	0	0	0	0	0	0	0	36	22
8ee66681c859c648c2eec272e3d75229	k_Fungi;p_Ascomycota;c_Dothideomycetes;o_Pleosporales;f_Phaeosphaeriaceae;g_Parastagonospora	0	0	0	35	0	0	0	0	0	0
8fabad4be5c029e2b8c12f145fdcd8a8	k_Fungi;p_Basidiomycota;c_Agaricomycetes;o_Agaricales;f_Entolomataceae;g_Entoloma	43	32	258	130	141	56	29	7	17	18
8faf977eab30e229c4ba0eec5059a410	k_Fungi;p_Ascomycota;c_Sordariomycetes;o_Hypocreales;f_Tilachlidiaceae;g_Tilachlidium	0	0	0	0	0	37	0	0	0	4
90b749b231e3544d13112a344ef1ab15	k_Fungi;p_Glomeromycota;c_Glomeromycetes;o_Glomerales;f_Glomeraceae	25	24	10	26	86	11	14	9	18	6
922e85233300c01321e0056c3a5e5618	k_Fungi;p_Mucoromycota;c_Mucoromycetes;o_Mucorales;f_Mucoraceae;g_Mucor	4	14	0	0	5	0	4	0	0	2
92b98bc792e86cd8e60b259576e96eee	k_Fungi;p_Monoblepharomycota;c_Monoblepharidomycetes;o_Monoblepharidales;f_Monoblepharidales_fam_Incertae_sedis;g_Monoblepharidales_gen_Incertae_sedis	0	0	0	0	0	0	0	0	109	2
93af5ea5e05de4a0f7e202b93fdca250	k_Fungi;p_Ascomycota;c_Eurotiomycetes;o_Chaetothyriales;f_Cyphellophoraceae;g_Cyphellophora	0	0	6	14	45	26	24	68	0	0
94e50809d1d72f6fe669df0933bcff19	k_Fungi;p_Basidiomycota;c_Agaricomycetes;o_Auriculariales;f_Auriculariales_fam_Incertae_sedis;g_Auriculariales_gen_Incertae_sedis	0	0	0	0	0	2	0	0	0	0
951d85089f04a90b97d870b0fb038eb6	k_Fungi;p_Ascomycota;c_Sordariomycetes;o_Sordariales;f_Lasiosphaeriaceae;g_Schizothecium	65	186	11	175	59	137	47	98	325	325
9678d06ab998c2fa17fdd83bfffe078a	k_Fungi;p_Ascomycota;c_Eurotiomycetes;o_Onygenales;f_Onygenaceae;g_Leucothecium	4	0	0	17	3	1	0	0	12	16
972d6aeab20275d15b750770502a6fbf	k_Fungi;p_Ascomycota;c_Sordariomycetes;o_Pleurotheciales;f_Pleurotheciaceae;g_Pleurotheciella	0	0	0	0	0	0	0	0	34	19
9747323b6d072879b58147a0a949e98b	k_Fungi;p_Ascomycota;c_Dothideomycetes;o_Pleosporales;f_Melanommataceae;g_Camposporium	37	179	0	0	0	0	0	0	0	0
9756c1c840661e8d07d806736b548ad2	k_Fungi;p_Basidiomycota;c_Microbotryomycetes;o_Kriegeriales;f_Kriegeriales_fam_Incertae_sedis;g_Kriegeriales_gen_Incertae_sedis	3	18	29	39	0	1	0	0	0	0
9763ddec108314ca13da7eef6f141bef	k_Fungi;p_Basidiomycota;c_Agaricomycetes;o_Hymenochaetales;f_Schizoporaceae;g_Schizoporaceae_gen_Incertae_sedis	22	10	0	0	0	0	0	0	0	0
9800f9d9365267be694661ee7238b1ef	k_Fungi;p_Basidiomycota;c_Agaricostilbomycetes;o_Agaricostilbales;f_Chionosphaeraceae;g_Kurtzmanomyces	0	0	218	12	25	80	0	8	6	3
9894d9c9e30c524e700ff9d18e5cc667	k_Fungi;p_Basidiomycota;c_Tremellomycetes;o_Tremellales;f_Bulleribasidiaceae;g_Hannaella	0	0	0	3	0	0	0	0	0	0
990ba543ccff9e35f7d1c683775446d7	k_Fungi;p_Ascomycota;c_Sordariomycetes;o_Hypocreales;f_Bionectriaceae;g_Stephanonectria	0	0	0	0	0	0	0	5	0	0
99a0676233b971c86f089f975a55e20c	k_Fungi;p_Ascomycota;c_Eurotiomycetes;o_Eurotiales;f_Trichocomaceae;g_Talaromyces	81	55	108	372	4	30	224	288	100	27
99ba53a1c85d3cc78ae7165c0e302dc9	k_Fungi;p_Basidiomycota	5	26	0	49	31	54	24	17	24	38
9a21b7d1fb11882a5877240d8b82556b	k_Fungi;p_Ascomycota;c_Sordariomycetes;o_Hypocreales;f_Myrotheciomycetaceae;g_Trichothecium	3	0	0	0	0	0	0	0	14	0
9b7587de2309430782614e943a29a372	k_Fungi;p_Basidiomycota;c_Agaricomycetes;o_Agaricales;f_Psathyrellaceae;g_Psathyrella	0	9	9	2	0	0	0	0	0	0
9b75f399f75c984ee308f3d08af6382b	k_Fungi;p_Mortierellomycota;c_Mortierellomycetes;o_Mortierellales;f_Mortierellaceae;g_Actinomortierella	0	0	0	0	0	5	0	0	0	0
9c06cab9acbc4695b9bc648502b4446b	k_Fungi;p_Basidiomycota;c_Tremellomycetes;o_Filobasidiales;f_Filobasidiaceae;g_Filobasidium	7	0	9	6	0	5	0	5	3	18
9c778b2e854c5e8b21856bed6c82e556	k_Fungi;p_Ascomycota;c_Sordariomycetes;o_Xylariales;f_Lopadostomataceae;g_Lopadostoma	0	0	0	0	0	3	0	0	0	0
9c7867780f33f71df1d71a7f2e649636	k_Fungi;p_Basidiomycota;c_Microbotryomycetes;o_Microbotryomycetes_ord_Incertae_sedis;f_Microbotryomycetes_fam_Incertae_sedis;g_Microbotryomycetes_gen_Incertae_sedis	14	12	0	10	30	19	0	9	20	6
9ca316862c3d4d56531b1dcfdc7ff5be	k_Fungi;p_Rozellomycota;c_Rozellomycotina_cls_Incertae_sedis;o_GS10;f_GS10_fam_Incertae_sedis;g_GS10_gen_Incertae_sedis	22	4	157	108	0	1	6	27	42	34
9cb8f060dfeb7f69b8bbc41eab426773	k_Fungi;p_Ascomycota;c_Pezizomycetes;o_Pezizales;f_Ascobolaceae;g_Ascobolaceae_gen_Incertae_sedis	0	0	13	0	0	0	0	0	12	9
9dac46abfb3e99404b9e76c988567c66	k_Fungi;p_Chytridiomycota;c_Lobulomycetes;o_Lobulomycetales;f_Alogomycetaceae;g_Alogomyces	0	0	0	0	0	1	0	0	0	0
9e1bc2e1a93bd79cc1ce594414c04b55	k_Fungi;p_Ascomycota;c_Archaeorhizomycetes;o_Archaeorhizomycetales;f_Archaeorhizomycetaceae	0	0	0	7	0	0	0	0	0	0
9e90f9c074a3877cc625e3c449a6d63c	k_Fungi;p_Ascomycota;c_Sordariomycetes;o_Microascales;f_Microascales_fam_Incertae_sedis;g_Microascales_gen_Incertae_sedis	0	0	2	0	0	0	0	0	0	0
9f210cc5e7589b16c6383a19063dcdaf	k_Fungi;p_Ascomycota;c_Sordariomycetes;o_Coniochaetales	2	0	0	0	0	0	0	0	0	0
9fd5c97251e3223b44ba8655a322f700	k_Fungi;p_Ascomycota;c_Sordariomycetes;o_Hypocreales;f_Hypocreales_fam_Incertae_sedis;g_Chlamydocillium	79	34	59	5	0	0	0	0	27	0
9feb77fb4b011fb044869e96ed7d1c6a	k_Fungi;p_Ascomycota;c_Dothideomycetes;o_Capnodiales;f_Capnodiaceae;g_Heteroconium	33	78	57	0	0	0	0	0	0	0
a051342d298f8930eaad8363c42bc80a	k_Fungi;p_Basidiomycota;c_Cystobasidiomycetes	0	0	0	0	0	1	0	0	0	0
a07f44e99e280742707d4ebb23214c5f	k_Fungi;p_Ascomycota;c_Sordariomycetes;o_Hypocreales	260	167	72	189	110	54	28	17	152	66
a0bf1e346103c301fae00b2a0cdf8c92	k_Fungi;p_Ascomycota;c_Sordariomycetes;o_Coronophorales;f_Ceratostomataceae;g_Melanospora	0	0	54	0	0	0	0	0	0	0
a1095bc686a8a0089b76ae194e73b460	k_Fungi;p_Basidiomycota;c_Agaricomycetes;o_Auriculariales;f_Hyaloriaceae;g_Myxarium	18	0	0	0	4	91	0	0	0	0
a16d818bc453f0b5780e574ecbb38224	k_Fungi;p_Ascomycota;c_Leotiomycetes;o_Helotiales;f_Pezizellaceae;g_Rodwayella	0	0	0	0	0	13	0	0	0	0
a2595e3c50f46b1ebf21c01755d12209	k_Fungi;p_Basidiomycota;c_Agaricomycetes;o_Trechisporales;f_Hydnodontaceae;g_Subulicystidium	128	0	73	0	181	120	30	79	722	189
a25e162917132b17a2e85578d39b1a45	k_Fungi;p_Basidiomycota;c_Tremellomycetes;o_Trichosporonales;f_Trichosporonaceae;g_Apiotrichum	469	266	275	1123	638	486	348	211	303	366
a27a6f06ed4694944a7a279206e4c484	k_Fungi;p_Ascomycota;c_Eurotiomycetes;o_Verrucariales;f_Verrucariaceae;g_Psoroglaena	0	0	22	0	0	0	0	0	0	0
a27f53c9453738c9f5bc985f806de61a	k_Fungi;p_Basidiomycota;c_Agaricomycetes;o_Polyporales;f_Ganodermataceae;g_Ganoderma	9	15	3	3	0	0	26	0	0	6
a2878a4e252dfa8b1162300ca2040ca5	k_Fungi;p_Ascomycota;c_Sordariomycetes;o_Hypocreales;f_Nectriaceae;g_Fusarium	55	173	65	57	71	38	215	183	597	469
a2a92febedb58daf0c49bf74f5e678db	k_Fungi;p_Ascomycota;c_Dothideomycetes;o_Pleosporales;f_Phaeosphaeriaceae;g_Phaeosphaeria	0	0	0	8	0	4	0	17	0	41
a2c307c641afc97423e315814bcf698d	k_Fungi;p_Ascomycota;c_Sordariomycetes;o_Diaporthales;f_Diaporthaceae;g_Diaporthe	0	5	0	4	0	0	0	0	13	24
a39ba8b94eacb850e45f52b3b063a462	k_Fungi;p_Basidiomycota;c_Tremellomycetes;o_Filobasidiales;f_Piskurozymaceae;g_Solicoccozyma	45	95	251	311	26	30	42	49	210	243
a401cf666dde6392dbc82d0899a91327	k_Fungi;p_Basidiomycota;c_Agaricomycetes;o_Agaricales;f_Psathyrellaceae	0	0	0	0	0	0	0	0	0	8
a4712edfd2b3d95ada0d38ad3e37a545	k_Fungi;p_Ascomycota;c_Dothideomycetes;o_Mycosphaerellales;f_Mycosphaerellaceae;g_Cercospora	0	0	0	0	89	70	140	128	0	0
a4cd359f157a88043ccf6a1e8feb8429	k_Fungi;p_Ascomycota;c_Dothideomycetes;o_Tubeufiales;f_Tubeufiaceae;g_Tubeufiaceae_gen_Incertae_sedis	29	11	0	0	0	4	0	0	7	3
a5822e10913ac0af9df521404d68fc25	k_Fungi;p_Ascomycota;c_Sordariomycetes;o_Hypocreales;f_Bionectriaceae;g_Nectriella	0	0	0	12	0	0	0	39	41	0
a58eae180affc3a5d20e6b2b9d376165	k_Fungi;p_Basidiomycota;c_Agaricomycetes;o_Agaricales;f_Agaricales_fam_Incertae_sedis;g_Agaricales_gen_Incertae_sedis	8	17	41	71	201	259	118	76	73	5
a5bb4c7be59b85af5a83dd0bb5eff699	k_Fungi;p_Ascomycota;c_Eurotiomycetes;o_Onygenales;f_Onygenaceae;g_Xanthothecium	15	0	0	0	0	0	226	159	29	7
a5e5939c8162ff2809641218c7bc63a0	k_Fungi;p_Ascomycota;c_Eurotiomycetes;o_Chaetothyriales;f_Chaetothyriales_fam_Incertae_sedis;g_Chaetothyriales_gen_Incertae_sedis	0	0	64	37	35	72	0	63	81	49
a66058207eaf39e7af80f5fc6683b51c	k_Fungi;p_Ascomycota;c_Sordariomycetes;o_Microascales;f_Ceratocystidaceae;g_Berkeleyomyces	0	0	0	2	0	0	0	0	0	0
a6a8d901d2df11c11a7eaea82f8e5b75	k_Fungi;p_Chytridiomycota	24	31	0	18	7	51	10	4	4	55
a6ebc16ff1318c4c9a9ee2e7a079d986	k_Fungi;p_Ascomycota;c_Sordariomycetes;o_Hypocreales;f_Hypocreales_fam_Incertae_sedis	48	0	0	0	0	0	0	0	0	0
a722cf4557b0ae472806a3e80393108b	k_Fungi;p_Ascomycota;c_Sordariomycetes;o_Sordariales;f_Chaetomiaceae	0	23	33	39	104	108	421	548	134	158
a72763c73f2a3a8763c7378b0496f4ae	k_Fungi;p_Ascomycota;c_Dothideomycetes;o_Dothideomycetes_ord_Incertae_sedis;f_Pseudorobillardaceae;g_Pseudorobillarda	0	15	0	0	0	0	0	0	0	0
a7662e23b06ad01fc695d19e6b5ecb63	k_Fungi;p_Ascomycota;c_Leotiomycetes;o_Helotiales	41	90	129	260	39	65	66	61	60	9
a83973dbac34e5d1a46881654e780793	k_Fungi;p_Basidiomycota;c_Agaricomycetes;o_Cantharellales;f_Tulasnellaceae;g_Tulasnella	0	0	0	0	95	93	0	11	0	0
a907f1ebcdf65d958357b81d5abe2035	k_Fungi;p_Rozellomycota;c_Rozellomycotina_cls_Incertae_sedis;o_GS07;f_GS07_fam_Incertae_sedis;g_GS07_gen_Incertae_sedis	0	4	197	130	10	14	0	0	5	19
ab90ba693900e4fbd5c80d3867edd2e6	k_Fungi;p_Ascomycota;c_Saccharomycetes;o_Saccharomycetales;f_Lipomycetaceae;g_Lipomyces	23	7	200	106	202	186	0	9	2	2
abc6bdd20fdbb5b74264ee0c3319b308	k_Fungi;p_Ascomycota;c_Sordariomycetes;o_Hypocreales;f_Hypocreales_fam_Incertae_sedis;g_Xenoacrodontium	0	0	0	0	0	0	0	0	0	28
ac2eb6e773cc469c8d81124367672e40	k_Fungi;p_Basidiomycota;c_Agaricomycetes;o_Geastrales;f_Geastraceae;g_Geastrum	13	0	0	0	0	0	0	0	0	0
ac35b0cb8561b769c55e16435f8aafe0	k_Fungi;p_Ascomycota;c_Dothideomycetes;o_Pleosporales;f_Melanommataceae;g_Pleotrichocladium	26	21	20	38	19	80	282	137	133	57
ac3e8b34878ca17f90f63358904c4c4c	k_Fungi;p_Basidiomycota;c_Agaricomycetes;o_Sebacinales;f_Sebacinales_fam_Incertae_sedis;g_Sebacinales_gen_Incertae_sedis	0	0	0	0	10	24	0	41	0	0
ac9c590082c1138387fa5fc3ac49d3e7	k_Fungi;p_Ascomycota;c_Leotiomycetes;o_Helotiales;f_Myxotrichaceae;g_Oidiodendron	0	13	17	0	6	5	15	5	28	23
ae56f9e581eff77b37c4af487974e8df	k_Fungi;p_Mortierellomycota;c_Mortierellomycetes;o_Mortierellales;f_Mortierellaceae;g_Dissophora	3	183	0	0	0	0	0	0	0	0
ae65aeed1fa320733029f7bb533ffaa1	k_Fungi;p_Basidiomycota;c_Agaricostilbomycetes;o_Agaricostilbales;f_Chionosphaeraceae;g_Chionosphaeraceae_gen_Incertae_sedis	0	6	0	0	0	0	0	0	0	0
af09b09db04c6509129c7f418e1d44cc	k_Fungi;p_Mortierellomycota;c_Mortierellomycetes;o_Mortierellales;f_Mortierellaceae	1828	1573	1634	1067	1474	3011	317	285	1521	3481
af1624286e7115cba02cb9509c08116d	k_Fungi;p_Sanchytriomycota;c_Sanchytriomycetes;o_Sanchytriales;f_Sanchytriaceae;g_Sanchytrium	11	5	0	0	0	10	0	0	0	0
b00740ed929d47d5b58a93f11682aa46	k_Fungi;p_Entomophthoromycota;c_Entomophthoromycetes;o_Entomophthorales;f_Ancylistaceae;g_Conidiobolus	0	0	2	0	0	0	0	0	0	0
b02c88340e43c69dee02efa1a9f65dc5	k_Fungi;p_Ascomycota;c_Sordariomycetes;o_Hypocreales;f_Ophiocordycipitaceae;g_Tolypocladium	323	12	0	0	153	183	196	0	21	7
b0b81791337b8a67bf36d54ba23e47d0	k_Fungi;p_Ascomycota;c_Sordariomycetes;o_Hypocreales;f_Nectriaceae;g_Paracremonium	0	3	0	0	0	4	0	0	0	0
b0c47e496f95930b2463d44627ee40e9	k_Fungi;p_Ascomycota;c_Sordariomycetes;o_Coronophorales;f_Coronophorales_fam_Incertae_sedis;g_Papulaspora	0	0	13	0	0	2	0	0	0	0
b1dae7c084e2b2cecdd9383f3dd4c881	k_Fungi;p_Ascomycota;c_Sareomycetes;o_Sareales;f_Sareaceae;g_Sareaceae_gen_Incertae_sedis	0	0	0	3	44	70	0	0	0	0
b29646b690b1fabe68e266a3c445f803	k_Fungi;p_Ascomycota;c_Sordariomycetes;o_Sordariales;f_Lasiosphaeriaceae	0	0	0	0	0	0	11	0	0	0
b29789515d5a867b6fcb8d7d4e1eecec	k_Fungi;p_Ascomycota;c_Pezizomycotina_cls_Incertae_sedis;o_Pezizomycotina_ord_Incertae_sedis;f_Pezizomycotina_fam_Incertae_sedis;g_Pezizomycotina_gen_Incertae_sedis	45	27	3	8	12	4	0	8	152	86
b2d1d0fb3c271997873ccfc901bfc234	k_Fungi;p_Ascomycota;c_Sordariomycetes;o_Hypocreales;f_Hypocreales_fam_Incertae_sedis;g_Hapsidospora	0	0	18	0	0	0	0	0	29	16
b2d7ea3d5a1e2fbe26855aca8c1e6d9d	k_Fungi;p_Basidiomycota;c_Agaricomycetes;o_Agaricales;f_Limnoperdaceae;g_Limnoperdon	0	0	0	9	0	0	0	0	2	0
b38697a23e21f34f566288cfc2c7f24a	k_Fungi;p_Ascomycota;c_Sordariomycetes;o_Sordariales;f_Sordariales_fam_Incertae_sedis;g_Sordariales_gen_Incertae_sedis	99	268	118	39	57	123	35	70	127	151
b3dcf659ceaa0eb90f3d2e5ce72ce42b	k_Fungi;p_Ascomycota;c_Sordariomycetes;o_Hypocreales;f_Bionectriaceae;g_Ramosiphorum	0	0	0	0	211	70	0	0	4	7
b4637bc9834a034906f8e84a9c8c911b	k_Fungi;p_Basidiomycota;c_Pucciniomycetes;o_Platygloeales;f_Eocronartiaceae;g_Eocronartium	0	0	8	0	21	0	0	12	0	0
b4f015294f75877ab4a109ed357d1b57	k_Fungi;p_Basidiomycota;c_Agaricomycetes;o_Agaricales;f_Tricholomataceae;g_Dermoloma	0	0	368	99	0	2	1427	2632	43	245
b543f256f49bf75c7e127f4d21e6ecfa	k_Fungi;p_Ascomycota;c_Eurotiomycetes;o_Onygenales;f_Onygenaceae;g_Auxarthron	0	0	0	0	0	0	9	0	0	0
b5ae03d2d76e6dbe65a3b91a8dea9498	k_Fungi;p_Aphelidiomycota;c_Aphelidiomycetes;o_GS16;f_GS16_fam_Incertae_sedis;g_GS16_gen_Incertae_sedis	30	24	0	38	53	4	10	16	48	33
b61eea510408d1848d1d9c444465ca10	k_Fungi;p_Ascomycota;c_Eurotiomycetes;o_Arachnomycetales;f_Arachnomycetaceae;g_Arachnomyces	0	0	0	0	0	0	0	12	6	6
b71965548db0795d76f29d68ed3077c9	k_Fungi;p_Basidiomycota;c_Tremellomycetes;o_Trichosporonales;f_Trichosporonaceae;g_Cutaneotrichosporon	0	0	0	0	0	0	0	3	0	0
b7a50035d24966d612308a9b2b48e997	k_Fungi;p_Basidiomycota;c_Microbotryomycetes;o_Microbotryomycetes_ord_Incertae_sedis	0	0	37	0	0	0	0	0	0	0
b80a70fa5404973c4a6e394f3b67ff1d	k_Fungi;p_Ascomycota;c_Sordariomycetes;o_Hypocreales;f_Ophiocordycipitaceae;g_Haptocillium	0	4	0	0	0	0	0	0	0	0
b92d324ea32556c584d0607742c3ec92	k_Fungi;p_Ascomycota;c_Eurotiomycetes;o_Eurotiomycetes_ord_Incertae_sedis;f_Eurotiomycetes_fam_Incertae_sedis;g_Eurotiomycetes_gen_Incertae_sedis	0	49	0	0	0	0	0	0	0	0
b99593273f1f2ecf14415ea9e6f01ea0	k_Fungi;p_Chytridiomycota;c_Chytridiomycetes;o_Chytridiales;f_Chytridiales_fam_Incertae_sedis;g_Chytridiales_gen_Incertae_sedis	0	7	0	0	0	0	0	0	0	0
ba0c7cc3c879422b211547dd16060cb9	k_Fungi;p_Ascomycota;c_Leotiomycetes;o_Helotiales;f_Lachnaceae;g_Lachnellula	0	0	7	97	0	55	157	85	0	0
baea88a71e00ef56ad86f81a931aceca	k_Fungi;p_Fungi_phy_Incertae_sedis;c_Fungi_cls_Incertae_sedis;o_Fungi_ord_Incertae_sedis;f_Fungi_fam_Incertae_sedis;g_Fungi_gen_Incertae_sedis	3169	2097	2225	3735	4102	3380	3727	4159	2598	1716
bb1c16e6552b4288125931d5020d8eb2	k_Fungi;p_Ascomycota;c_Orbiliomycetes;o_Orbiliales;f_Orbiliaceae;g_Hyalorbilia	0	0	0	0	0	1	0	0	0	0
bb553e4071c274bd58c81709b9c8bd5b	k_Fungi;p_Ascomycota;c_Eurotiomycetes;o_Chaetothyriales;f_Herpotrichiellaceae	0	0	98	56	70	36	27	22	2	5
bca2ee4f485d6e17ca79698101880e40	k_Fungi;p_Ascomycota;c_Saccharomycetes;o_Saccharomycetales;f_Metschnikowiaceae;g_Clavispora	14	73	0	0	0	0	0	0	7	3
bccca11035ec0254e2daaa775c6c9fe8	k_Fungi;p_Glomeromycota;c_Glomeromycetes;o_Glomerales;f_Glomeraceae;g_Glomus	0	10	0	0	0	0	0	0	0	0
be1ee2dc085f5c5a86cf770272f7fb87	k_Fungi;p_Ascomycota;c_Pezizomycotina_cls_Incertae_sedis;o_Pezizomycotina_ord_Incertae_sedis;f_Pezizomycotina_fam_Incertae_sedis;g_Triscelophorus	1	4	4	7	0	6	0	0	4	0
be6ace1197e17d9d1b3d9fb7d8d39d22	k_Fungi;p_Chytridiomycota;c_Rhizophydiomycetes;o_Rhizophydiales;f_Rhizophydiaceae;g_Rhizophydiaceae_gen_Incertae_sedis	0	24	0	0	0	0	0	0	0	0
be74eac161e8057a677b524f8494382c	k_Fungi;p_Ascomycota;c_Pezizomycetes;o_Pezizales;f_Ascobolaceae;g_Ascobolus	0	10	0	8	0	0	0	0	16	39
bed6fb6663cdbc5d770cdb92137fa70a	k_Fungi;p_Ascomycota;c_Dothideomycetes;o_Pleosporales;f_Phaeosphaeriaceae;g_Sclerostagonospora	11	0	0	0	0	0	0	3	56	13
bede67a6c2b1ff262c1dfbdd5ac71bd5	k_Fungi;p_Ascomycota;c_Dothideomycetes;o_Pleosporales;f_Phaeosphaeriaceae;g_Septoriella	0	0	0	55	13	0	0	0	0	0
bf126b97dc60dcabf486231755a0e883	k_Fungi;p_Ascomycota;c_Leotiomycetes;o_Helotiales;f_Leptodontidiaceae;g_Leptodontidium	0	0	0	0	0	0	0	0	6	0
bf3ac318717f70ff1139fe26d95e335f	k_Fungi;p_Ascomycota;c_Sordariomycetes;o_Hypocreales;f_Nectriaceae;g_Sarcopodium	21	0	0	35	0	17	16	13	9	6
bfddddeaa5aea8a55a6f266767a4e865	k_Fungi;p_Ascomycota;c_Lecanoromycetes;o_Lecanorales;f_Lecanoraceae;g_Rhizoplaca	0	4	4	10	0	6	0	0	0	2
c0356e08e317962c922baadafecb1e17	k_Fungi;p_Zoopagomycota;c_Zoopagomycota_cls_Incertae_sedis;o_Zoopagomycota_ord_Incertae_sedis;f_Zoopagomycota_fam_Incertae_sedis;g_Zoopagomycota_gen_Incertae_sedis	0	0	21	18	0	0	0	6	0	0
c0e0609d366944010744a8611a7acc8c	k_Fungi;p_Basidiomycota;c_Tremellomycetes;o_Filobasidiales;f_Piskurozymaceae;g_Piskurozyma	0	0	2	0	0	0	7	0	0	0
c13fa8601ce02184b47291c4625e0362	k_Fungi;p_Basidiomycota;c_Tremellomycetes;o_Cystofilobasidiales;f_Mrakiaceae;g_Tausonia	0	0	0	0	0	0	0	0	14	0
c22e1a799137aa079b218ad016b51579	k_Fungi;p_Ascomycota;c_Sordariomycetes;o_Microascales;f_Microascaceae;g_Microascus	0	0	0	0	0	9	0	0	0	0
c231586db61ce69399eb97e9e97dda7a	k_Fungi;p_Ascomycota;c_Dothideomycetes;o_Pleosporales;f_Didymellaceae;g_Calophoma	0	0	0	0	218	34	0	0	0	0
c322a4a64f1c4e1c6226258dbc988cfe	k_Fungi;p_Basidiomycota;c_Agaricomycetes;o_Thelephorales;f_Thelephoraceae;g_Tomentella	4	8	0	0	0	0	0	0	0	0
c3de9eba39feac6647bfe723b77b9acb	k_Fungi;p_Chytridiomycota;c_Rhizophydiomycetes;o_Rhizophydiales;f_Rhizophydiaceae;g_Rhizophydium	0	4	0	0	0	0	0	0	0	0
c543520282cd3cc3f303a45711398f84	k_Fungi;p_Basidiobolomycota;c_Basidiobolomycetes;o_Basidiobolales;f_Basidiobolales_fam_Incertae_sedis;g_Basidiobolales_gen_Incertae_sedis	0	0	18	19	0	0	0	5	0	0
c672c66e6b97eb40c91f61d8548906e2	k_Fungi;p_Ascomycota;c_Dothideomycetes;o_Mycosphaerellales;f_Mycosphaerellaceae;g_Ramularia	0	0	0	0	0	8	0	0	0	0
c69f30acaf6c0b180ea541251cb5d986	k_Fungi;p_Basidiomycota;c_Agaricomycetes;o_Phallales;f_Phallaceae;g_Phallus	0	0	0	0	0	0	0	0	15	0
c76ba8d443c6cf2eb71de1ac60c9ec38	k_Fungi;p_Ascomycota;c_Sordariomycetes;o_Hypocreales;f_Clavicipitaceae;g_Metarhizium	328	1146	98	71	0	15	35	101	799	133
c7fc44b6997a0b2dc2ad77d9423eb06d	k_Fungi;p_Ascomycota;c_Sordariomycetes;o_Glomerellales;f_Plectosphaerellaceae;g_Plectosphaerella	1309	995	81	541	468	360	962	326	681	142
c81138ead5fda9034aef0ba069409035	k_Fungi;p_Ascomycota;c_Dothideomycetes;o_Pleosporales;f_Phaeosphaeriaceae;g_Paraphoma	52	39	20	4	17	19	23	28	0	0
c9be14653a588c953722e52a702c35b7	k_Fungi;p_Ascomycota;c_Dothideomycetes;o_Pleosporales;f_Teichosporaceae;g_Pseudocyclothyriella	14	0	0	0	0	0	0	0	8	0
cc96879e33c6453bbf17c26e9e259a9f	k_Fungi;p_Ascomycota;c_Sordariomycetes;o_Hypocreales;f_Cordycipitaceae;g_Lecanicillium	0	0	0	0	0	0	51	0	4	0
cdbd3c488f4db484085e4d67dc735a84	k_Fungi;p_Ascomycota;c_Pezizomycetes;o_Pezizales;f_Pezizaceae;g_Marcelleina	0	0	13	6	6	0	0	0	0	0
ce43b15365a37a9fc1faae17c8b7210d	k_Fungi;p_Basidiomycota;c_Agaricomycetes;o_Agaricales;f_Hygrophoraceae;g_Cuphophyllus	0	0	0	0	0	0	0	0	147	0
ceb2350f88faee9f8ff8c5bc2fd393f7	k_Fungi;p_Ascomycota;c_Dothideomycetes;o_Pleosporales;f_Dictyosporiaceae;g_Vikalpa	0	0	16	6	0	0	27	8	0	0
cfda2a9c682f6cdd51cc5286e6b03bc2	k_Fungi;p_Basidiomycota;c_Agaricomycetes;o_Agaricales;f_Clavariaceae;g_Clavulinopsis	13	279	19	0	0	0	236	514	60	38
d0205386b81ccff91f08ba84f1787353	k_Fungi;p_Basidiomycota;c_Ustilaginomycetes;o_Ustilaginales;f_Ustilaginaceae	0	0	0	0	0	0	0	0	1	0
d02e385d5cf5e19b8f37e4b93fa80883	k_Fungi;p_Basidiomycota;c_Agaricomycetes;o_Agaricales;f_Agaricaceae;g_Agaricus	0	8	0	0	0	0	0	0	0	0
d11a8e2ad67cc1e6bc16d525bb266b5b	k_Fungi;p_Ascomycota;c_Dothideomycetes;o_Pleosporales;f_Lentitheciaceae;g_Keissleriella	10	27	0	6	0	0	0	0	22	13
d152a702c3ca1924906e9706f670cf0e	k_Fungi;p_Basidiomycota;c_Agaricomycetes;o_Agaricales;f_Pluteaceae;g_Pluteus	0	0	0	0	0	0	0	0	0	2
d19e72a9f89eb81d73057f37eed7b5bc	k_Fungi;p_Mucoromycota;c_Mucoromycota_cls_Incertae_sedis;o_Mucoromycota_ord_Incertae_sedis;f_Mucoromycota_fam_Incertae_sedis;g_Mucoromycota_gen_Incertae_sedis	0	29	0	0	0	0	0	0	0	0
d1b04cca851cb0261603c739e2bc951b	k_Fungi;p_Basidiomycota;c_Agaricomycetes;o_Agaricales;f_Bolbitiaceae;g_Pholiotina	0	0	0	0	1	19	0	0	0	0
d1d31d9267fe41a7a4b0a2f9b77b04f2	k_Fungi;p_Ascomycota;c_Sordariomycetes;o_Hypocreales;f_Hypocreaceae;g_Hypocreaceae_gen_Incertae_sedis	0	0	58	0	0	0	0	0	0	0
d2028846cee4ab2bbc97d2c171c06980	k_Fungi;p_Ascomycota;c_Pezizomycetes;o_Pezizales;f_Pyronemataceae;g_Cheilymenia	0	3	0	0	0	0	0	0	0	0
d2d73e88c32348cf07652940c591f3c3	k_Fungi;p_Chytridiomycota;c_Rhizophydiomycetes;o_Rhizophydiales;f_Operculomycetaceae;g_Operculomyces	23	18	19	5	11	17	17	43	4	25
d2e83435fdbbe33aab1ec5194b7f9272	k_Fungi;p_Ascomycota;c_Geoglossomycetes;o_Geoglossales;f_Geoglossales_fam_Incertae_sedis;g_Geoglossales_gen_Incertae_sedis	0	0	0	0	4	10	5	0	0	3
d32b4b1d944166bed57592794c45d72e	k_Fungi;p_Ascomycota;c_Sordariomycetes;o_Hypocreales;f_Bionectriaceae;g_Waltergamsia	0	0	0	8	0	76	0	9	0	0
d3c1591514f333ab6157073da132d102	k_Fungi;p_Kickxellomycota;c_GS19;o_GS19_ord_Incertae_sedis;f_GS19_fam_Incertae_sedis;g_GS19_gen_Incertae_sedis	0	97	7	14	0	3	12	0	0	0
d43ba807f9cfb1a4ae8a2b00e2590da1	k_Fungi;p_Basidiomycota;c_Agaricomycetes;o_Trechisporales;f_Trechisporales_fam_Incertae_sedis;g_Trechisporales_gen_Incertae_sedis	0	0	0	0	8	0	0	0	93	17
d489df95f9d1f733573f2fc80141a47d	k_Fungi;p_Basidiomycota;c_Microbotryomycetes;o_Microbotryomycetes_ord_Incertae_sedis;f_Microbotryomycetes_fam_Incertae_sedis;g_Slooffia	0	36	0	0	0	0	0	0	0	0
d4deee096290717d8dc2c3992515872e	k_Fungi;p_Ascomycota;c_Sordariomycetes;o_Hypocreales;f_Nectriaceae	0	16	44	39	88	152	16	18	10	0
d591d69933f80f7b00d94b42d1b7b014	k_Fungi;p_Ascomycota;c_Sordariomycetes;o_Sordariales;f_Chaetomiaceae;g_Chaetomium	0	0	47	0	20	24	0	0	0	0
d7112695eb53303b9a36167e9ab84607	k_Fungi;p_Basidiomycota;c_Agaricomycetes;o_Agaricales;f_Lycoperdaceae;g_Lycoperdon	1	0	0	0	0	0	0	0	0	0
d74647adedc9f373d39a0dd9c126a4a8	k_Fungi;p_Ascomycota;c_Sordariomycetes;o_Hypocreales;f_Sarocladiaceae;g_Sarocladium	272	36	163	26	28	14	0	28	37	19
d803231d06de9482d60c0b9f7c623c87	k_Fungi;p_Basidiomycota;c_Agaricomycetes;o_Agaricales;f_Mycenaceae;g_Mycenaceae_gen_Incertae_sedis	0	0	0	0	0	0	0	2	0	0
d8b812fc56dac0e3869d7e9596842304	k_Fungi;p_Ascomycota;c_Dothideomycetes;o_Pleosporales;f_Phaeosphaeriaceae;g_Pseudoophiobolus	0	0	0	0	4	0	0	0	0	0
d92c1296497b348be6830394b2498ea4	k_Fungi;p_Basidiomycota;c_Tremellomycetes;o_Tremellales;f_Tremellales_fam_Incertae_sedis;g_Tremellales_gen_Incertae_sedis	0	0	0	0	14	7	0	0	20	0
d9ebdace9d20059cc89be99016aef772	k_Fungi;p_Ascomycota;c_Sordariomycetes;o_Hypocreales;f_Bionectriaceae;g_Paracylindrocarpon	26	0	8	11	22	23	38	107	169	159
da5b43d416bfc75be14f7b0a87293f93	k_Fungi;p_Ascomycota;c_Dothideomycetes;o_Pleosporales;f_Didymosphaeriaceae;g_Laburnicola	0	0	37	13	0	0	0	0	0	0
db42399c17db7c2c4f83cd77d93ee539	k_Fungi;p_Mortierellomycota;c_Mortierellomycetes;o_Mortierellales;f_Mortierellales_fam_Incertae_sedis;g_Mortierellales_gen_Incertae_sedis	18	105	119	69	0	5	4	0	0	16
dbf478c9115f88d8551daf37f3df0bde	k_Fungi;p_Ascomycota;c_Sordariomycetes;o_Sordariales;f_Chaetomiaceae;g_Dichotomopilus	0	0	174	338	0	0	0	0	0	0
dc21833fa2e0c6fc14afdc7bc875112c	k_Fungi;p_Ascomycota;c_Sordariomycetes;o_Magnaporthales;f_Ceratosphaeriaceae;g_Ceratosphaeriaceae_gen_Incertae_sedis	0	0	0	0	0	0	18	8	11	0
dcb36715fd0d5490ab3ea544f2e0a699	k_Fungi;p_Ascomycota;c_Dothideomycetes;o_Pleosporales;f_Phaeosphaeriaceae;g_Chaetosphaeronema	0	0	0	0	11	6	0	23	0	0
dcd1376ba6da67a81167a42e3279daea	k_Fungi;p_Ascomycota;c_Laboulbeniomycetes;o_Laboulbeniomycetes_ord_Incertae_sedis;f_Laboulbeniomycetes_fam_Incertae_sedis;g_Laboulbeniomycetes_gen_Incertae_sedis	0	0	0	22	0	0	5	0	0	0
dd4262e6d60dc8967a4114c80d828e99	k_Fungi;p_Ascomycota;c_Sordariomycetes;o_Hypocreales;f_Bionectriaceae	94	40	105	336	28	117	157	141	77	54
de27dba74c44d15462d081ca1f585cbf	k_Fungi;p_Ascomycota;c_Eurotiomycetes;o_Eurotiales;f_Eurotiales_fam_Incertae_sedis;g_Eurotiales_gen_Incertae_sedis	31	134	36	68	0	2	0	0	0	0
de4142172584a53943714a6c502cd396	k_Fungi;p_Ascomycota;c_Dothideomycetes;o_Pleosporales;f_Didymosphaeriaceae;g_Didymosphaeriaceae_gen_Incertae_sedis	0	0	16	6	0	0	0	0	0	0
df4a78b0799a2fac4c52eca33ec15c63	k_Fungi;p_Basidiomycota;c_Tremellomycetes;o_Trichosporonales;f_Trichosporonales_fam_Incertae_sedis;g_Trichosporonales_gen_Incertae_sedis	10	0	0	0	0	0	35	28	0	0
df7bd10a070d1ad12aad87cab3ac5f7d	k_Fungi;p_Ascomycota;c_Geoglossomycetes;o_Geoglossales;f_Geoglossaceae;g_Geoglossum	0	0	1	4	24	19	0	0	0	2
e093e9193e8874ef7921f3146db08f9b	k_Fungi;p_Basidiomycota;c_Agaricomycetes;o_Agaricales;f_Clavariaceae;g_Hodophilus	0	0	0	176	0	0	0	0	0	0
e1aab0ae9dd93450b6b1c22e979af583	k_Fungi;p_Ascomycota;c_Lecanoromycetes;o_Lecanorales	0	0	0	6	0	0	0	0	0	0
e25791faf80ec2a09a3f9e446c99f5f8	k_Fungi;p_Ascomycota;c_Sordariomycetes;o_Xylariales;f_Diatrypaceae;g_Diatrypaceae_gen_Incertae_sedis	0	0	0	0	0	4	0	0	0	0
e26835f664ce7f0253e2edd3648a6487	k_Fungi;p_Ascomycota;c_Sordariomycetes;o_Glomerellales;f_Plectosphaerellaceae;g_Longitudinalis	44	66	0	0	0	0	0	0	0	0
e2edfa0ffdc76d5622fb38f030fa51e5	k_Fungi;p_Ascomycota;c_Sordariomycetes;o_Microascales;f_Microascaceae	5	0	0	11	0	11	103	74	287	214
e32ea150f17df3ab10c80c3b738f14bb	k_Fungi;p_Ascomycota;c_Dothideomycetes;o_Pleosporales;f_Didymosphaeriaceae;g_Montagnula	0	0	0	0	0	0	0	9	0	0
e3dfc4390696e92f73bf9e1505c87afd	k_Fungi;p_Basidiomycota;c_Tritirachiomycetes;o_Tritirachiales;f_Tritirachiaceae;g_Tritirachium	0	0	0	0	0	10	0	1	0	0
e50a7bd42c7279b458222f8dcce63684	k_Fungi;p_Ascomycota;c_Sordariomycetes;o_Hypocreales;f_Clavicipitaceae;g_Metacordyceps	170	179	44	11	0	3	13	8	103	137
e5475c8bc30e2cf5c8ad4943149b6533	k_Fungi;p_Ascomycota;c_Sordariomycetes;o_Hypocreales;f_Stachybotryaceae;g_Achroiostachys	0	0	21	42	7	7	0	0	0	0
e554341d16b021e7d3bba9e6cfef898f	k_Fungi;p_Ascomycota;c_Sordariomycetes;o_Glomerellales;f_Glomerellaceae;g_Colletotrichum	41	76	211	5	41	19	32	19	0	0
e5671d1da632186394d775f8d6096844	k_Fungi;p_Ascomycota;c_Sordariomycetes;o_Hypocreales;f_Ophiocordycipitaceae;g_Purpureocillium	241	195	0	13	10	8	85	156	203	174
e570f0e5cb4d57af6adc44fc6a778254	k_Fungi;p_Ascomycota;c_Dothideomycetes;o_Pleosporales;f_Melanommataceae;g_Petrakia	58	166	257	488	152	248	30	24	0	26
e624766cf47a177bf0320f4a186073f3	k_Fungi;p_Basidiomycota;c_Agaricomycetes;o_Agaricales;f_Entolomataceae;g_Entolomataceae_gen_Incertae_sedis	0	0	0	0	0	4	7	0	0	0
e633dd4efd3397f7cf1f7b56abe03ae7	k_Fungi;p_Ascomycota;c_Sordariomycetes;o_Hypocreales;f_Nectriaceae;g_Nectriaceae_gen_Incertae_sedis	99	96	342	544	147	280	95	80	183	132
e6fe2913072bd40a16f6a1a86488a9a0	k_Fungi;p_Basidiomycota;c_Agaricomycetes;o_Sebacinales	0	84	0	0	0	0	14	5	0	0
e76e13f7867f9da56ceffb1d51bc65a0	k_Fungi;p_Ascomycota;c_Sordariomycetes;o_Hypocreales;f_Clavicipitaceae;g_Metapochonia	141	151	19	26	0	0	120	53	59	68
e7aa894dce1a9de150bcc36df1489219	k_Fungi;p_Ascomycota;c_Dothideomycetes;o_Pleosporales;f_Pyrenochaetopsidaceae;g_Pyrenochaetopsidaceae_gen_Incertae_sedis	16	0	0	0	0	0	0	0	0	0
e85f0d0dbd10ae731026a306c8b5d846	k_Fungi;p_Basidiomycota;c_Agaricomycetes;o_Sebacinales;f_Serendipitaceae	0	2	0	0	5	16	0	0	0	0
e8d9fe5c6cc4339ee436176410a6ac4f	k_Fungi;p_Basidiomycota;c_Tremellomycetes;o_Tremellales;f_Trimorphomycetaceae;g_Saitozyma	26	11	0	0	0	0	0	0	0	0
e9088f095673274020bb3297eaacd838	k_Fungi;p_Blastocladiomycota;c_Blastocladiomycetes;o_Blastocladiales;f_Blastocladiales_fam_Incertae_sedis;g_Blastocladiales_gen_Incertae_sedis	54	1053	0	0	0	0	0	0	0	0
e9a348b5e5872ddc6d4e57a747088d80	k_Fungi;p_Ascomycota;c_Eurotiomycetes;o_Eurotiales;f_Aspergillaceae;g_Penicillium	245	317	160	925	293	496	634	1866	1275	2451
e9ea11c9361aa43160c5cfbda7c8b2da	k_Fungi;p_Ascomycota;c_Archaeorhizomycetes;o_Archaeorhizomycetales	0	0	0	0	0	0	0	11	0	0
eb5995256424eb94cc1247911fd30467	k_Fungi;p_Ascomycota;c_Leotiomycetes;o_Helotiales;f_Cordieritidaceae;g_Unguiculariopsis	8	0	0	0	0	0	0	0	0	0
eb90fb580eca93672aa567ca61048207	k_Fungi;p_Ascomycota;c_Eurotiomycetes;o_Eurotiales;f_Trichocomaceae;g_Ascospirella	0	1	0	0	0	0	0	0	0	0
ebb466164feafbff556003b5727276d5	k_Fungi;p_Ascomycota;c_Dothideomycetes;o_Dothideomycetes_ord_Incertae_sedis;f_Dothideomycetes_fam_Incertae_sedis;g_Dothideomycetes_gen_Incertae_sedis	0	0	2	0	0	0	0	0	0	0
ebfef977f2f67b8c4a11f0a2f393dc2a	k_Fungi;p_Ascomycota;c_Eurotiomycetes;o_Onygenales	0	0	3	2	0	0	0	0	0	0
ec15136311caafba3d3e1b9f91caeffd	k_Fungi;p_Ascomycota;c_Leotiomycetes;o_Helotiales;f_Helotiaceae;g_Hymenoscyphus	0	0	0	0	0	5	0	0	0	0
ec26ca03eed9fd1b5511b7d83d5c705e	k_Fungi;p_Ascomycota;c_Sordariomycetes;o_Hypocreales;f_Bionectriaceae;g_Nigrosabulum	16	0	3058	342	0	0	5	0	6	0
ecbb74268f8f8d147a4a3cc5880e0123	k_Fungi;p_Basidiomycota;c_Agaricomycetes;o_Agaricales;f_Clavariaceae;g_Ramariopsis	0	0	0	0	0	0	82	61	20	74
edf4de06f1dbe105e292940f8c203b83	k_Fungi;p_Basidiomycota;c_Microbotryomycetes;o_Leucosporidiales;f_Leucosporidiaceae;g_Leucosporidiaceae_gen_Incertae_sedis	0	0	0	0	0	0	0	2	0	0
ee73f55c6ce7e6e27aa37c2df07fdf7c	k_Fungi;p_Ascomycota;c_Sordariomycetes;o_Chaetosphaeriales;f_Chaetosphaeriaceae;g_Dinemasporium	0	0	5	0	0	0	0	0	0	0
ee7c094834f532d7d5120c83d20eba87	k_Fungi;p_Glomeromycota;c_Glomeromycetes;o_Diversisporales;f_Acaulosporaceae;g_Acaulosporaceae_gen_Incertae_sedis	0	2	0	0	0	0	0	0	0	0
f08a5bbe584f73ca33cdefde732ff590	k_Fungi;p_Ascomycota;c_Orbiliomycetes;o_Orbiliales;f_Orbiliaceae;g_Arthrobotrys	0	3	0	0	0	0	0	0	0	0
f0af5b11dd1b3bca187bf76f957db686	k_Fungi;p_Mucoromycota;c_Mucoromycetes;o_Mucorales;f_Cunninghamellaceae;g_Absidia	0	0	0	0	0	0	0	0	0	2
f0c84213f0bbceb3dfad612c90681385	k_Fungi;p_Ascomycota;c_Sordariomycetes;o_Hypocreales;f_Bionectriaceae;g_Ochronectria	0	0	163	64	0	0	0	0	0	0
f1a14f3020c7fb64406a870367dca922	k_Fungi;p_Basidiomycota;c_Agaricomycetes;o_Agaricales;f_Stephanosporaceae;g_Cristinia	0	0	0	9	0	0	0	0	0	6
f1b1ada6db5b00a712835cb135933d91	k_Fungi;p_Chytridiomycota;c_Lobulomycetes;o_Lobulomycetales;f_Lobulomycetales_fam_Incertae_sedis;g_Lobulomycetales_gen_Incertae_sedis	108	97	0	9	0	0	13	5	42	29
f20955263ef64d296e71eba15b258bfa	k_Fungi;p_Basidiomycota;c_Agaricomycetes;o_Agaricales;f_Strophariaceae;g_Deconica	0	0	0	0	2	0	0	0	14	8
f223b84a6afa0e5a54d0958a5ca53b91	k_Fungi;p_Ascomycota;c_Sordariomycetes;o_Magnaporthales;f_Magnaporthaceae;g_Slopeiomyces	9	116	0	0	0	7	0	0	2	12
f25dfea2f2e8a452e4043a2da10d42fb	k_Fungi;p_Ascomycota;c_Sordariomycetes;o_Hypocreales;f_Bionectriaceae;g_Caespitomonium	0	0	0	0	0	0	0	11	0	0
f2dc2041bb4ea3e7256cfb70e88df742	k_Fungi;p_Ascomycota;c_Sordariomycetes;o_Hypocreales;f_Stachybotryaceae;g_Myrothecium	0	16	0	0	0	0	0	0	0	0
f2fd445238d76521f437e1a23ec24394	k_Fungi;p_Ascomycota;c_Dothideomycetes;o_Pleosporales;f_Pleosporaceae;g_Alternaria	0	0	0	0	0	0	29	1	0	12
f3f079c7bd846dea334f208a980320a4	k_Fungi;p_Ascomycota;c_Sordariomycetes;o_Xylariales;f_Xylariaceae;g_Xylaria	0	0	0	0	38	0	0	0	0	0
f3f083e5b53962c6d4c17c6f45f16374	k_Fungi;p_Ascomycota;c_Dothideomycetes;o_Pleosporales;f_Lentitheciaceae;g_Darksidea	0	0	0	21	47	5	0	0	20	5
f5be87756cf88a7054f66effb4b5e2c2	k_Fungi;p_Ascomycota;c_Sordariomycetes;o_Coronophorales	0	0	34	0	0	0	0	0	0	0
f6968b1a7c2c2255e7a79eb0af617e54	k_Fungi;p_Ascomycota;c_Dothideomycetes;o_Pleosporales;f_Cucurbitariaceae;g_Cucurbitariaceae_gen_Incertae_sedis	29	0	0	0	5	8	0	0	0	0
f78f0b297b14c917d91f368625523080	k_Fungi;p_Ascomycota;c_Eurotiomycetes;o_Eurotiales;f_Aspergillaceae;g_Aspergillus	5	0	0	0	0	0	17	24	30	93
f82fe0ddd971a497509d207f1d8d7b9e	k_Fungi;p_Basidiomycota;c_Agaricomycetes;o_Agaricales;f_Psathyrellaceae;g_Coprinellus	18	51	0	12	0	9	0	0	0	6
f8d5d3ed914356767b3d7e26ee663346	k_Fungi;p_Ascomycota;c_Dothideomycetes;o_Pleosporales;f_Pyrenochaetopsidaceae;g_Pyrenochaetopsis	16	16	0	19	0	2	0	0	115	126
f935563b11058bffe2cf40d09d8ec15d	k_Fungi;p_Basidiomycota;c_Tremellomycetes;o_Trichosporonales;f_Tetragoniomycetaceae;g_Tetragoniomycetaceae_gen_Incertae_sedis	43	193	0	0	0	0	0	0	0	0
f958ab41c8469fb18445deb11d2bfbbb	k_Fungi;p_Basidiomycota;c_Exobasidiomycetes;o_Exobasidiales	0	0	5	0	0	0	0	0	0	0
f98ff07f0cbd4abbbbd7bd69bf3cbd18	k_Fungi;p_Blastocladiomycota;c_Blastocladiomycota_cls_Incertae_sedis;o_Blastocladiomycota_ord_Incertae_sedis;f_Blastocladiomycota_fam_Incertae_sedis;g_Blastocladiomycota_gen_Incertae_sedis	11	9	0	0	0	0	0	0	0	0
f9e6c2e90cd54eed887bda741e41d270	k_Fungi;p_Ascomycota;c_Sordariomycetes;o_Hypocreales;f_Hypocreaceae;g_Trichoderma	134	788	220	455	113	61	132	173	136	76
fa0c0558f13606a3b154b83cb7c0ac64	k_Fungi;p_Ascomycota;c_Sordariomycetes;o_Hypocreales;f_Niessliaceae;g_Niesslia	378	211	454	392	276	456	481	280	161	130
fa4c1d7f80a09e9349fdbb13ee52a4e7	k_Fungi;p_Ascomycota;c_Eurotiomycetes;o_Chaetothyriales;f_Herpotrichiellaceae;g_Cladophialophora	0	0	0	0	0	0	0	0	5	9
faf1ac6a5f4afa9652d1722986a25a0b	k_Fungi;p_Ascomycota;c_Leotiomycetes;o_Helotiales;f_Helotiales_fam_Incertae_sedis;g_Dactylaria	0	36	0	0	0	0	0	193	0	0
faf5b71b7cc82db616dc8036be73ec0e	k_Fungi;p_Ascomycota;c_Dothideomycetes;o_Myriangiales;f_Elsinoaceae;g_Elsinoe	0	0	0	0	0	1	0	0	0	0
fc0090f84a99ef8d5e9b3b4038740318	k_Fungi;p_Chytridiomycota;c_Rhizophydiomycetes;o_Rhizophydiales;f_Alphamycetaceae;g_Betamyces	0	7	0	0	0	11	0	0	0	0
fc26d2d033cf85caeeab1e1aa7c6f4f3	k_Fungi;p_Rozellomycota;c_Rozellomycota_cls_Incertae_sedis;o_Rozellomycota_ord_Incertae_sedis;f_Rozellomycota_fam_Incertae_sedis;g_Paramicrosporidium	0	5	0	0	0	0	0	0	0	0
fc82ebcd7fa017439036a65a59359c25	k_Fungi;p_Ascomycota;c_Pezizomycetes;o_Pezizales;f_Pulvinulaceae;g_Pulvinula	0	0	2	12	36	158	0	55	0	0
fcd7a995797ae93114b72a0a537e7ef0	k_Fungi;p_Basidiomycota;c_Agaricomycetes	32	33	151	38	11	26	0	27	69	23
fd01695bcd7d47ee1ed4e0412cbcc2d6	k_Fungi;p_Ascomycota;c_Eurotiomycetes	0	0	0	0	0	0	9	0	3	0
fefc95378c850afb1430ef1bf4ba15c4	k_Fungi;p_Ascomycota;c_Sordariomycetes;o_Hypocreales;f_Cordycipitaceae;g_Flavocillium	0	0	0	0	5	0	0	0	0	0
ffc1f2d7c14cd8693471b24081eb48ad	k_Fungi;p_Ascomycota;c_Pezizomycetes;o_Pezizales	0	0	1	0	88	200	0	22	78	44
