OTU ID	WINDMILL_farm-Control	WINDMILL_farm-Drought	Castle_Field_West_W-Control	Castle_Field_West_W-Drought	Jemma_6-Control	Jemma_6-Drought	Jemma_9-Control	Jemma_9-Drought	Lardon Chase-Control	Lardon Chase-Drought	Kingdom	Phylum	Class	Order	Family	Genus	Species
004e99c9b62503d7f639eef5f3e47cca	0	4	0	0	0	0	0	0	0	0	Fungi	Ascomycota	Sordariomycetes	Sordariomycetes_ord_Incertae_sedis	Junewangiaceae	Sporidesmiella	NA
00ca81bd3a995b88df8c2d3d6f6c1f75	0	0	0	0	0	8	0	0	0	0	Fungi	Basidiomycota	Agaricomycetes	Corticiales	Corticiaceae	Corticiaceae_gen_Incertae_sedis	NA
00f84ed0045a28d8d79b1722f14b20b4	19	61	0	0	0	0	0	13	2	0	Fungi	Ascomycota	Dothideomycetes	Pleosporales	Phaeosphaeriaceae	NA	NA
0162ca39d6b6796ed81cf7def3a5b638	0	0	0	0	0	10	0	0	0	0	Fungi	Basidiomycota	Agaricomycetes	Agaricales	Stephanosporaceae	Lindtneria	NA
01f7051580f7fd38659ddc069cc84e47	0	0	6	0	0	0	0	0	0	0	Fungi	Ascomycota	Sordariomycetes	Glomerellales	Plectosphaerellaceae	Paragibellulopsis	NA
0230ae6c2ac9033c7a4c84574d3e2be7	0	0	0	22	0	0	0	0	0	0	Fungi	Ascomycota	Leotiomycetes	Helotiales	Ploettnerulaceae	Oculimacula	NA
0233c7675e349bd6e86884c1c5e5b937	0	0	0	0	0	0	0	0	5	0	Fungi	Ascomycota	Sordariomycetes	Pleurotheciales	Pleurotheciaceae	Phragmocephala	NA
02477c395c3e633e3dc4aadf9b08ebfe	0	0	0	0	0	8	0	0	0	0	Fungi	Ascomycota	Dothideomycetes	Mycosphaerellales	Extremaceae	Paradevriesia	NA
025e9f8070cfa905aa869508c3797e82	1	17	51	86	4	46	73	672	105	186	Fungi	Ascomycota	Sordariomycetes	Hypocreales	Cordycipitaceae	Beauveria	NA
02a24ad22d8acfd3a52c46ed92c14640	67	303	363	210	434	78	119	196	37	56	Fungi	Ascomycota	Sordariomycetes	Sordariomycetes_ord_Incertae_sedis	Sordariomycetes_fam_Incertae_sedis	Sordariomycetes_gen_Incertae_sedis	NA
02a83624138cf8079c9611db3bae92a3	0	50	4	3	0	0	0	0	0	0	Fungi	Ascomycota	Sordariomycetes	Branch06	Branch06_fam_Incertae_sedis	Branch06_gen_Incertae_sedis	NA
0316226c34a0b1968f72df769e6ea0f5	100	128	0	0	0	0	0	0	52	22	Fungi	Ascomycota	Sordariomycetes	Myrmecridiales	Myrmecridiaceae	Myrmecridium	NA
044bb3a06487013a820ad42d07729917	0	0	4	0	0	0	0	0	2	17	Fungi	Ascomycota	Pezizomycotina_cls_Incertae_sedis	Pezizomycotina_ord_Incertae_sedis	Pezizomycotina_fam_Incertae_sedis	Tricellula	NA
04bba78eb15c8c58b48e95d30569a60d	0	0	0	0	0	0	0	7	0	0	Fungi	Ascomycota	Sordariomycetes	Hypocreales	Ophiocordycipitaceae	Hirsutella	NA
051f8edafdb5786f8165f4acc585226b	23	0	0	0	0	0	0	0	0	0	Fungi	Ascomycota	Leotiomycetes	Helotiales	Hyaloscyphaceae	Hyaloscyphaceae_gen_Incertae_sedis	NA
053ba81ae754a26329222d5a9ed943d8	12	0	0	0	0	0	0	0	0	0	Fungi	Ascomycota	Dothideomycetes	Pleosporales	Didymosphaeriaceae	NA	NA
060b2a1039b3961a328ab0c2a4f67a2b	0	0	19	2	0	0	0	0	0	0	Fungi	Rozellomycota	NA	NA	NA	NA	NA
06883c2c28cb0441e549737aa7ba4e49	380	237	443	45	25	59	43	40	424	247	Fungi	Ascomycota	Sordariomycetes	NA	NA	NA	NA
06f3312eb9166deee1540777be81ac84	0	0	30	0	0	0	0	0	0	0	Fungi	Ascomycota	Sordariomycetes	Magnaporthales	Magnaporthales_fam_Incertae_sedis	Magnaporthales_gen_Incertae_sedis	NA
079240a1ba113328cf31bd0c39964cfb	5849	3297	1590	4016	8298	5267	6562	5897	1959	2331	Fungi	Mortierellomycota	Mortierellomycetes	Mortierellales	Mortierellaceae	Mortierella	NA
07f8973a8c0b1e0ac35f3c51207e83b9	0	0	0	0	0	0	4	36	0	0	Fungi	Mucoromycota	Umbelopsidomycetes	Umbelopsidales	Umbelopsidaceae	Umbelopsis	NA
0af48bbc7d5c49cd281045526069fbf3	0	0	0	64	514	184	4	67	502	1240	Fungi	Basidiomycota	Agaricomycetes	Agaricales	Hygrophoraceae	Hygrocybe	NA
0b84c191e6d0cfb9371098ec1a388870	0	0	0	0	0	24	52	57	19	0	Fungi	Ascomycota	Eurotiomycetes	Chaetothyriales	Herpotrichiellaceae	Phialophora	NA
0bd1fe97f2278c1137b11dc1bd87ebb2	0	0	118	0	0	0	0	0	0	0	Fungi	Ascomycota	Geoglossomycetes	Geoglossales	Geoglossaceae	Leucoglossum	NA
0c1057f77ad32625628530ad81bdd80c	55	0	0	6	0	2	55	0	18	21	Fungi	Basidiomycota	Microbotryomycetes	Leucosporidiales	Leucosporidiaceae	Leucosporidium	NA
0e6aee6e5a257dd824b51f681267ca26	0	3	0	0	0	0	0	0	42	23	Fungi	Monoblepharomycota	Hyaloraphidiomycetes	Hyaloraphidiales	Hyaloraphidiales_fam_Incertae_sedis	Hyaloraphidiales_gen_Incertae_sedis	NA
0fa399b7241202df940e661806c94e3c	0	0	9	97	0	50	0	0	42	128	Fungi	Ascomycota	Pezizomycotina_cls_Incertae_sedis	Pezizomycotina_ord_Incertae_sedis	Pezizomycotina_fam_Incertae_sedis	Arcuadendron	NA
1047020da821bf9d23345e6e6782b8d7	0	0	0	11	5	5	3	19	0	7	Fungi	Ascomycota	Eurotiomycetes	Chaetothyriales	Cyphellophoraceae	Cyphellophoraceae_gen_Incertae_sedis	NA
1074a3eac28d0f9c04400850e20f1d8c	0	35	72	0	51	62	6	0	0	0	Fungi	Basidiomycota	Agaricomycetes	Cantharellales	Cantharellales_fam_Incertae_sedis	Minimedusa	NA
10909027ada9e90268cb26c8a7ef20e4	49	62	0	0	38	58	64	169	0	0	Fungi	Ascomycota	Sordariomycetes	Hypocreales	Cordycipitaceae	Cordyceps	NA
10e061d039e7376da95ffbfcf60d3f55	0	0	0	0	0	0	0	0	0	13	Fungi	Ascomycota	Saccharomycetes	Saccharomycetales	Pichiaceae	Ogataea	NA
110584610e8cd60350f824ae82d54e45	0	0	0	0	12	0	74	16	0	0	Fungi	Ascomycota	Dothideomycetes	Pleosporales	Dictyosporiaceae	NA	NA
124fd52ca8255d754831325c98403e32	0	6	0	0	0	0	0	0	4	2	Fungi	Basidiomycota	Exobasidiomycetes	Entylomatales	Entylomataceae	Entyloma	NA
128f30cb881eefba89f02017ab9c54a8	0	0	0	0	0	17	0	0	0	0	Fungi	Ascomycota	Pezizomycetes	Pezizales	Pezizaceae	Peziza	NA
12d0d607a39f00e2c5321c0355124443	0	0	0	6	0	0	0	0	0	31	Fungi	Chytridiomycota	Rhizophlyctidomycetes	Rhizophlyctidales	Rhizophlyctidaceae	Rhizophlyctis	NA
1316cd353b196d2a50820897064270fa	0	0	566	0	2	2	0	0	0	0	Fungi	Ascomycota	Pezizomycetes	Pezizales	Pyronemataceae	Paratricharina	NA
13912b620d0333f28cafaade88c11764	0	0	0	0	0	0	0	0	2	0	Fungi	Ascomycota	Pezizomycetes	Pezizales	Pezizaceae	Boudiera	NA
13e7b8a06495a2a02960d987f52945c4	0	0	0	0	38	13	27	27	0	0	Fungi	Ascomycota	Dothideomycetes	Dothideales	Saccotheciaceae	Aureobasidium	NA
140aba5ce629287f9f498bd4089d1e61	0	0	0	6	2	9	0	6	0	0	Fungi	Glomeromycota	Glomeromycetes	NA	NA	NA	NA
142ab22e324e4fa25865ce9a4c1db013	0	1	32	0	19	11	71	105	0	0	Fungi	Basidiomycota	Tremellomycetes	Tremellomycetes_ord_Incertae_sedis	Tremellomycetes_fam_Incertae_sedis	Tremellomycetes_gen_Incertae_sedis	NA
146c8d635c30e2d6ace25504f85905b9	0	1	12	0	0	0	9	22	0	0	Fungi	Basidiomycota	Tremellomycetes	Tremellales	Bulleribasidiaceae	Dioszegia	NA
14ee2d0d6431b9d901bd86b17851186a	0	5	0	0	0	0	0	0	0	0	Fungi	Ascomycota	Leotiomycetes	Helotiales	Helotiaceae	NA	NA
151196f9101265e9604d47a3800bf8f6	302	268	19	31	20	0	39	37	0	0	Fungi	Ascomycota	Sordariomycetes	Hypocreales	Bionectriaceae	Protocreopsis	NA
1536560df83c885ca7c1f890df55d844	0	0	5	0	0	0	0	0	0	8	Fungi	Ascomycota	Saccharomycetes	Saccharomycetales	Debaryomycetaceae	Debaryomyces	NA
155874693edd29cb83c2f7098f51ae46	0	0	8	30	22	1	14	22	5	33	Fungi	Basidiomycota	Microbotryomycetes	Sporidiobolales	Sporidiobolales_fam_Incertae_sedis	Sporidiobolales_gen_Incertae_sedis	NA
1632119467a8952c964b5cc892e7b0ae	4	0	7	9	5	0	0	0	0	10	Fungi	Basidiomycota	Agaricomycetes	Agaricales	Bolbitiaceae	Conocybe	NA
163eb388a69d5c6ead8ba0dfc87c7a6a	368	152	159	48	62	98	159	201	140	91	Fungi	Ascomycota	Dothideomycetes	Pleosporales	Pleosporales_fam_Incertae_sedis	Pleosporales_gen_Incertae_sedis	NA
165464e88f889ae4fb1df7f8836e411d	0	0	0	0	0	0	0	0	5	0	Fungi	Ascomycota	Eurotiomycetes	Chaetothyriales	NA	NA	NA
181d567814ac066768b77e5c4c8ab9c8	63	0	0	0	0	8	0	0	17	25	Fungi	Ascomycota	Sordariomycetes	Microascales	Microascaceae	Gamsia	NA
188b61ed98c92d73607f4d4e2e70f02e	0	12	0	0	0	27	0	10	2	0	Fungi	Ascomycota	Leotiomycetes	NA	NA	NA	NA
18925596d0295138bf1b0adba4369ad5	0	0	24	12	0	0	0	0	0	0	Fungi	Ascomycota	Sordariomycetes	Sordariales	Chaetomiaceae	Mycothermus	NA
18e70eec63299769ee091edcbe7b1003	19	3	3	0	0	0	0	0	0	0	Fungi	Glomeromycota	Glomeromycetes	Entrophosporales	Entrophosporaceae	Claroideoglomus	NA
18ed9bd3251b47d89a67257c56389bd6	3	0	0	0	0	0	0	0	0	0	Fungi	Ascomycota	Sordariomycetes	Hypocreales	Ophiocordycipitaceae	Ophiocordycipitaceae_gen_Incertae_sedis	NA
18f85a03253aa13b7672ceec011f3a1e	0	0	0	4	0	0	0	0	0	0	Fungi	Basidiomycota	Agaricomycetes	Agaricales	Physalacriaceae	Armillaria	NA
1c71746db12ad36b906f3f5fae612574	0	0	0	6	0	0	0	0	1	0	Fungi	Ascomycota	Orbiliomycetes	Orbiliales	Orbiliaceae	Dactylella	NA
1c8a1230fbaec69508566d522b1e0294	60	0	185	57	0	65	22	6	124	152	Fungi	Ascomycota	Sordariomycetes	Hypocreales	Bionectriaceae	Alloacremonium	NA
1ca1add1564014cf2b13e0009966c805	0	0	19	0	0	0	0	0	17	21	Fungi	Ascomycota	Sordariomycetes	Microascales	Microascaceae	Kernia	NA
1cd9d80099da09e458c52f59f276ccf6	0	5	67	19	0	14	0	0	5	9	Fungi	Ascomycota	Pezizomycetes	Pezizales	Pyronemataceae	Scutellinia	NA
1db02d5b1cacf8c6df6b5e44a58543a8	0	0	27	52	0	0	0	0	0	0	Fungi	Ascomycota	Sordariomycetes	Glomerellales	Plectosphaerellaceae	Sodiomyces	NA
1dd59657c809dcbc0d981e96c67105f1	0	0	12	0	15	20	11	0	0	0	Fungi	Ascomycota	Sordariomycetes	Sordariales	Sordariaceae	Neurospora	NA
1ed90bf6cb9c024686a2c5f078758f5a	309	270	0	0	0	0	141	92	0	0	Fungi	Ascomycota	Sordariomycetes	Hypocreales	Clavicipitaceae	Marquandomyces	NA
1ffed12e3239c98d69c162a0524694bf	0	0	49	26	0	22	5	10	2	6	Fungi	Aphelidiomycota	Aphelidiomycota_cls_Incertae_sedis	Aphelidiomycota_ord_Incertae_sedis	Aphelidiomycota_fam_Incertae_sedis	Aphelidiomycota_gen_Incertae_sedis	NA
215d67e05adf52b839d932a5ba3b2077	53	378	39	87	208	163	41	39	118	180	Fungi	Ascomycota	Sordariomycetes	Sordariales	Neoschizotheciaceae	Apodus	NA
223e93986d833f06257c449fc9c2a280	0	10	0	0	0	0	0	0	0	0	Fungi	Basidiomycota	Tremellomycetes	Tremellales	Bulleraceae	Bulleraceae_gen_Incertae_sedis	NA
227fd7a1833f4cc2f5ff0cf0c346cc5b	0	0	3	0	0	0	0	0	0	0	Fungi	Basidiomycota	Agaricomycetes	Agaricales	Crepidotaceae	Simocybe	NA
233cc72bc3cc267c8381cc2bfb01d70a	45	16	0	5	0	9	0	0	22	46	Fungi	Ascomycota	Dothideomycetes	Pleosporales	Phaeosphaeriaceae	Neosetophoma	NA
234455c79e4760cdb172962d17ebc446	0	0	0	0	0	0	0	0	12	11	Fungi	Ascomycota	Sordariomycetes	Hypocreales	Bionectriaceae	Ijuhya	NA
23648221dc9940052195d1763f09f6f5	0	0	0	0	0	0	13	4	0	0	Fungi	Basidiomycota	Tremellomycetes	Tremellales	Bulleraceae	Bullera	NA
2482dbcfc0a12b1beb3147f0d4d25839	9	2	0	0	10	0	0	1	0	7	Fungi	Basidiomycota	Tremellomycetes	Tremellales	Rhynchogastremaceae	Papiliotrema	NA
253f437cb1cf629fd6c53a691fc895e2	0	11	3	0	41	47	0	0	36	42	Fungi	Chytridiomycota	Chytridiomycetes	Chytridiomycetes_ord_Incertae_sedis	Chytridiomycetes_fam_Incertae_sedis	Olpidiaster	NA
2641be6d1fb2164b7c1243d2b57b069c	259	781	95	18	426	1093	930	611	184	320	Fungi	Mortierellomycota	Mortierellomycetes	Mortierellales	Mortierellaceae	Mortierellaceae_gen_Incertae_sedis	NA
2699add5d5b002c957a0c012da6b5f6f	115	1077	165	488	369	360	255	161	199	104	Fungi	Zoopagomycota	Zoopagomycetes	Zoopagales	Piptocephalidaceae	Syncephalis	NA
26d60ac536ca63262b17af42a559ffb3	0	5	0	4	0	0	0	2	53	34	Fungi	Ascomycota	Orbiliomycetes	Orbiliales	Orbiliales_fam_Incertae_sedis	Orbiliales_gen_Incertae_sedis	NA
26e0070c94dcc0c8039086653888fef2	0	29	4	0	11	8	14	6	22	4	Fungi	Ascomycota	Dothideomycetes	Muyocopronales	Muyocopronaceae	Leptodiscella	NA
270034f0578580d51851c17104772b3e	0	0	0	0	0	0	0	0	10	0	Fungi	Ascomycota	Dothideomycetes	Pleosporales	Sporormiaceae	Sporormiaceae_gen_Incertae_sedis	NA
2788c636c277b8b06e707574881de4b5	60	104	74	39	111	62	55	37	667	546	Fungi	Ascomycota	Sordariomycetes	Sordariales	NA	NA	NA
27cce0a9409a8505266db35002a46c4a	0	0	0	19	0	0	0	0	0	0	Fungi	Basidiomycota	Tremellomycetes	Cystofilobasidiales	Cystofilobasidiaceae	Cystofilobasidium	NA
29a1c412030a097212863c6d0409b4ad	0	6	0	0	0	0	0	0	0	0	Fungi	Basidiomycota	Agaricomycetes	Agaricales	Limnoperdaceae	Limnoperdaceae_gen_Incertae_sedis	NA
29c731292f10382c505d72b8e7c969fe	9	48	37	37	52	13	0	0	17	3	Fungi	Chytridiomycota	Rhizophydiomycetes	Rhizophydiales	Alphamycetaceae	Alphamycetaceae_gen_Incertae_sedis	NA
2a500208789c2bb0c41e7801098f9337	0	0	44	13	0	0	0	0	0	0	Fungi	Ascomycota	Sordariomycetes	Magnaporthales	Magnaporthaceae	Pseudophialophora	NA
2cc0208145ad97ee001a5742dfcdb546	11	25	0	3	0	0	0	0	0	0	Fungi	Glomeromycota	Archaeosporomycetes	Archaeosporales	Archaeosporales_fam_Incertae_sedis	Archaeosporales_gen_Incertae_sedis	NA
2f131a296ecb0b7c279d0ef46bcaa9d2	6	32	216	20	1	13	0	25	16	0	Fungi	Ascomycota	Sordariomycetes	Sordariales	Lasiosphaeriaceae	Apiosordaria	NA
2fac7866681843ac6ca887ed0be36051	0	0	0	0	0	11	0	0	0	0	Fungi	Ascomycota	Dothideomycetes	Pleosporales	Leptosphaeriaceae	Alloleptosphaeria	NA
2ff26e66a6cb32802608be25960c3731	0	0	16	17	0	0	0	0	0	0	Fungi	Ascomycota	Sordariomycetes	Microascales	Microascaceae	Microascaceae_gen_Incertae_sedis	NA
2ffb4ef99b4cc0b359402af118bd3045	0	35	0	0	0	0	0	0	0	0	Fungi	Ascomycota	Dothideomycetes	Pleosporales	Didymosphaeriaceae	Bimuria	NA
30875bd9be5ca3181ee9a7d901a15381	34	19	0	0	7	14	0	0	0	3	Fungi	Basidiomycota	Tremellomycetes	Tremellales	Cryptococcaceae	Cryptococcus	NA
30d9065187f5786e0176ab16c9f8e539	10	21	9	0	7	0	0	0	0	0	Fungi	Ascomycota	Saccharomycetes	Saccharomycetales	Saccharomycetales_fam_Incertae_sedis	Saccharomycetales_gen_Incertae_sedis	NA
30e6fec8ec4aed2ce1ca5cd0aa431a5c	0	0	8	0	0	0	0	0	0	0	Fungi	Basidiomycota	Agaricomycetes	Cantharellales	Ceratobasidiaceae	Ceratobasidiaceae_gen_Incertae_sedis	NA
31604e1df27291116a71346824b6b5d7	79	47	0	22	17	189	10	64	29	74	Fungi	Ascomycota	Dothideomycetes	Pleosporales	Neopyrenochaetaceae	Neopyrenochaeta	NA
3163e28d1a9de88d11cef4d1646e4cd5	0	5	0	28	0	0	0	0	0	0	Fungi	Ascomycota	Ascomycota_cls_Incertae_sedis	Ascomycota_ord_Incertae_sedis	Ascomycota_fam_Incertae_sedis	Volucrispora	NA
31710f04c1d3def7bfea4ec1a43757f0	250	148	156	321	413	451	521	479	331	709	Fungi	Ascomycota	NA	NA	NA	NA	NA
318047912296000bc6bd8772c3397f3c	9	16	0	0	0	2	0	0	0	0	Fungi	Basidiomycota	Agaricomycetes	Agaricales	Agaricales_fam_Incertae_sedis	Panaeolus	NA
32a7a46f53859f748f442b2f38a85b28	0	0	0	0	53	12	0	3	0	0	Fungi	Basidiomycota	Agaricomycetes	Auriculariales	Hyaloriaceae	Hyaloriaceae_gen_Incertae_sedis	NA
32e315833e2fffe7ffa8cfb7836fd5ad	0	6	6	6	52	119	366	432	34	12	Fungi	Ascomycota	Pezizomycetes	Pezizales	Pezizales_fam_Incertae_sedis	Pezizales_gen_Incertae_sedis	NA
32f130a9a0ddc908b77b46dbe50078c2	0	10	0	0	0	0	0	0	0	0	Fungi	Basidiomycota	Agaricomycetes	Cantharellales	Ceratobasidiaceae	Ceratobasidium	NA
331e2080b4eeed67720941fb2d34ca82	0	0	0	29	0	1	0	8	13	0	Fungi	Ascomycota	Eurotiomycetes	Onygenales	Onygenaceae	Onygenaceae_gen_Incertae_sedis	NA
3320994f51a75754b628074b90da27d0	51	53	15	8	0	0	45	11	21	17	Fungi	Ascomycota	Sordariomycetes	Coniochaetales	Coniochaetaceae	Coniochaeta	NA
33adac43d1106225f6f44a857f3b681b	313	284	390	275	79	190	99	127	359	165	Fungi	Ascomycota	Sordariomycetes	Hypocreales	Nectriaceae	Ilyonectria	NA
34d5a0367b1fc5f12f0c456c51accc01	534	1481	0	3	0	0	25	94	0	3	Fungi	Ascomycota	Sordariomycetes	Hypocreales	Clavicipitaceae	Keithomyces	NA
35308e278eb2f08a8ef6a6b02f3a54f9	0	30	484	277	385	228	68	84	76	31	Fungi	Basidiomycota	Agaricomycetes	Agaricales	Clavariaceae	Clavaria	NA
35c4181afe913a643c2347b197546d6c	102	58	10	65	37	19	157	164	159	113	Fungi	Ascomycota	Leotiomycetes	Thelebolales	Pseudeurotiaceae	Pseudeurotium	NA
35d828ea8eff7113f0e3eed88180d64d	16	0	22	4	21	9	13	7	0	0	Fungi	Ascomycota	Sordariomycetes	Coniochaetales	Coniochaetales_fam_Incertae_sedis	Coniochaetales_gen_Incertae_sedis	NA
35f6878d8dbf018d48cd897c584f677c	3	3	0	0	0	0	0	0	0	0	Fungi	Ascomycota	Saccharomycetes	Saccharomycetales	Saccharomycetales_fam_Incertae_sedis	Candida	NA
36c1752bf396c1057b4d0ef7872053f4	75	171	1655	1935	1231	691	812	574	418	342	Fungi	Ascomycota	Leotiomycetes	Helotiales	Helotiales_fam_Incertae_sedis	Helotiales_gen_Incertae_sedis	NA
3711e6c7f77724961d828f3ec037df1b	0	48	0	0	0	0	0	0	0	0	Fungi	Basidiomycota	Agaricomycetes	Agaricales	Porotheleaceae	Porotheleaceae_gen_Incertae_sedis	NA
37472b0547619adb220d75ab1718bf71	0	0	0	13	10	9	0	2	9	0	Fungi	Ascomycota	Dothideomycetes	Pleosporales	Dictyosporiaceae	Pseudodictyosporium	NA
375367d880ee9903e949014948f956f0	0	0	0	0	0	11	0	0	7	0	Fungi	Basidiomycota	Agaricomycetes	Agaricales	Entolomataceae	Clitopilus	NA
37e081a4f9e90b75414b6d344ce873b3	19	41	0	2	0	0	0	0	0	20	Fungi	Basidiomycota	Microbotryomycetes	Sporidiobolales	Sporidiobolaceae	Sporobolomyces	NA
3816fb386372d185fc2df53af89211e8	0	0	0	0	0	0	0	0	5	1	Fungi	Ascomycota	Dothideomycetes	Pleosporales	Dictyosporiaceae	Jalapriya	NA
3875362d520c18d17cded66f473aa776	0	0	31	0	0	0	0	0	0	0	Fungi	Ascomycota	Pezizomycetes	Pezizales	Pulvinulaceae	Pulvinulaceae_gen_Incertae_sedis	NA
39336bbe92c24405cff364574100e1d2	159	450	0	0	0	0	0	0	6	0	Fungi	Ascomycota	Sordariomycetes	Hypocreales	Nectriaceae	Mariannaea	NA
39540fe16684deff117951d950a03329	0	23	0	0	0	0	0	0	18	20	Fungi	Ascomycota	Sordariomycetes	Sordariales	Lasiosphaeriaceae	Lasiosphaeriaceae_gen_Incertae_sedis	NA
396a00580e77596ab5f3d262b88502e1	40	49	0	0	0	13	13	0	0	4	Fungi	Ascomycota	Leotiomycetes	Helotiales	Helotiales_fam_Incertae_sedis	NA	NA
398d0d9d28a36fe976c640ee40438c8c	9	32	15	24	28	85	22	0	32	5	Fungi	Ascomycota	Sordariomycetes	Hypocreales	Bionectriaceae	Lasionectria	NA
3a055208ac02108a4c7f5591eefc0172	0	8	0	0	0	0	0	0	0	0	Fungi	Ascomycota	Leotiomycetes	Helotiales	Pleuroascaceae	Pleuroascaceae_gen_Incertae_sedis	NA
3af899f04166e1525cf3588978e1fa90	12	3	23	8	25	13	0	5	16	30	Fungi	Basidiomycota	Agaricomycetes	Agaricales	Psathyrellaceae	Coprinopsis	NA
3b24ec65a28a597379bcd04062fb0f8e	0	0	0	44	0	0	0	0	0	0	Fungi	Ascomycota	Dothideomycetes	Venturiales	Venturiaceae	NA	NA
3ccef7fce5b2e646b4670e966a0609ef	35	0	0	76	30	16	51	14	22	0	Fungi	Ascomycota	Pezizomycotina_cls_Incertae_sedis	Pezizomycotina_ord_Incertae_sedis	Pezizomycotina_fam_Incertae_sedis	Hormiactis	NA
3cfe605fc47c8b8d471164a860ebebb3	0	0	105	25	0	107	57	0	0	0	Fungi	Basidiomycota	Agaricomycetes	Tremellodendropsidales	Tremellodendropsidaceae	Tremellodendropsis	NA
3d11630535cf482f51c26d45a896c425	26	0	0	0	0	0	0	0	0	0	Fungi	Ascomycota	Sordariomycetes	Glomerellales	Reticulascaceae	Reticulascus	NA
3d38c23310a3cc83b0df366051f280eb	0	12	0	0	0	0	0	0	0	0	Fungi	Ascomycota	Sordariomycetes	Hypocreales	Cordycipitaceae	Samsoniella	NA
3d3f34b43942f5140a7a12f0c5de1ebd	0	0	13	0	0	0	0	3	0	0	Fungi	Basidiomycota	Microbotryomycetes	NA	NA	NA	NA
3db18e19b16ef8e429768437e38bc80a	10	7	47	27	46	32	13	20	11	0	Fungi	Basidiomycota	Agaricomycetes	Agaricales	Clavariaceae	Clavariaceae_gen_Incertae_sedis	NA
3df42c7cb918c98d532812b4aacdeaff	48	21	0	0	0	0	0	0	0	0	Fungi	Ascomycota	Sordariomycetes	Hypocreales	Hypocreaceae	Kiflimonium	NA
3e28c62b2072bdd0c5d66ba4da75f4ca	0	0	0	0	4	0	0	0	0	0	Fungi	Ascomycota	Dothideomycetes	Pleosporales	Phaeosphaeriaceae	Leptospora	NA
3e8641588ed3c7dfdb35adc5d0ff1ebf	0	0	27	0	0	1	0	0	0	0	Fungi	Ascomycota	Sordariomycetes	Savoryellales	Savoryellaceae	Savoryella	NA
3ede0f0ff670b26f1dac691ff15c7e53	11	27	0	0	0	0	0	0	0	0	Fungi	Glomeromycota	Paraglomeromycetes	Paraglomerales	Paraglomeraceae	Paraglomus	NA
3f26940e86c7e03164936b6408e7564b	5	3	0	0	6	0	0	0	52	189	Fungi	Olpidiomycota	Olpidiomycota_cls_Incertae_sedis	Olpidiomycota_ord_Incertae_sedis	Olpidiomycota_fam_Incertae_sedis	Olpidiomycota_gen_Incertae_sedis	NA
3fefda947b457ac51f87dddc0883a5cf	0	5	0	0	0	0	0	0	0	0	Fungi	Basidiomycota	Ustilaginomycetes	Ustilaginales	Ustilaginaceae	Pseudozyma	NA
401414b16e0b366c0bc0474e5a53cd51	0	19	0	0	0	0	0	0	0	0	Fungi	Ascomycota	Pezizomycetes	Pezizales	Pezizaceae	Pezizaceae_gen_Incertae_sedis	NA
401666a33bf85775a6dc405271d9df79	39	12	248	0	9	105	42	47	44	26	Fungi	Basidiomycota	Agaricomycetes	Trechisporales	Hydnodontaceae	Trechispora	NA
404f7f67ff9534ff2cbd94fabfc89388	0	0	71	0	0	0	0	0	0	0	Fungi	Ascomycota	Sordariomycetes	Microascales	Microascaceae	Acaulium	NA
4144b687fe537fcb6f20b9753fd32a3c	0	0	0	5	0	0	0	0	0	0	Fungi	Basidiomycota	Agaricomycetes	Agaricales	Psathyrellaceae	Parasola	NA
414810e8176c82a94ac0adb4ed09dfa2	20	12	7	18	29	28	58	11	9	28	Fungi	Kickxellomycota	Kickxellomycota_cls_Incertae_sedis	Kickxellomycota_ord_Incertae_sedis	Kickxellomycota_fam_Incertae_sedis	Kickxellomycota_gen_Incertae_sedis	NA
42360b30b79c2c6f359d91c7129c5e4f	8	0	0	0	0	2	0	0	15	27	Fungi	Ascomycota	Sordariomycetes	Phomatosporales	Phomatosporaceae	Phomatospora	NA
424f23aabccca787e6b97ac42bbe847b	7	18	0	0	0	2	0	0	0	0	Fungi	Ascomycota	Dothideomycetes	Pleosporales	Phaeosphaeriaceae	Ophiosphaerella	NA
429dd3f6b4a202c4ab902ac6a35add32	0	3	19	18	98	8	51	71	0	0	Fungi	Basidiomycota	Agaricomycetes	Sebacinales	Serendipitaceae	Serendipita	NA
43509f0756dedeafa4648c57cbbb61d3	34	19	52	15	889	1265	86	33	663	578	Fungi	Ascomycota	Sordariomycetes	Sordariales	Chaetomiaceae	Staphylotrichum	NA
4360403cd3e59f847933844e89565fb8	524	524	432	638	308	176	199	223	295	178	Fungi	Ascomycota	Sordariomycetes	Hypocreales	Bionectriaceae	Clonostachys	NA
43a95e01a5c67f3480668bd5c2851c34	5	0	7	16	0	2	5	0	23	57	Fungi	Ascomycota	Pezizomycetes	Pezizomycetes_ord_Incertae_sedis	Pezizomycetes_fam_Incertae_sedis	Pezizomycetes_gen_Incertae_sedis	NA
43ace94b20b345c5182b74e5c996c868	11	28	0	0	0	0	0	0	0	0	Fungi	Ascomycota	Leotiomycetes	Helotiales	Helotiaceae	Cyathicula	NA
44a93008a3806b97401571ae0da5b67e	0	3	0	0	0	0	0	0	0	0	Fungi	Ascomycota	Sordariomycetes	Xenospadicoidales	Xenospadicoidaceae	Lentomitella	NA
45e9fdc33334041c5e574872704db2a0	0	19	0	0	0	29	0	46	162	126	Fungi	Ascomycota	Sordariomycetes	Hypocreales	Cordycipitaceae	Cordycipitaceae_gen_Incertae_sedis	NA
47246015557c29383928ec3a275f1158	0	1	0	6	3	4	11	0	9	17	Fungi	Chytridiomycota	Cladochytriomycetes	Cladochytriales	Cladochytriales_fam_Incertae_sedis	Cladochytriales_gen_Incertae_sedis	NA
473cfc468e13e14b16af225607c5beae	0	10	0	0	0	0	0	0	0	0	Fungi	Ascomycota	Sordariomycetes	Sordariales	Sordariaceae	Sordaria	NA
4807055b51e7e5d9639d7e1650af8c0e	12	56	32	41	93	349	20	330	50	833	Fungi	Ascomycota	Sordariomycetes	Hypocreales	Bionectriaceae	Acremonium	NA
4878cc14b6e1651ba06523a670e4fd3c	0	0	1	0	0	0	0	0	0	0	Fungi	Basidiomycota	Cystobasidiomycetes	Cystobasidiales	Cystobasidiaceae	Occultifur	NA
49666b838337ef4553cc513fa364e83f	18	22	0	5	8	23	15	30	7	5	Fungi	Ascomycota	Dothideomycetes	Pleosporales	Phaeosphaeriaceae	Phaeosphaeriaceae_gen_Incertae_sedis	NA
4988612f0d48172c7785cec69b4f12ea	23	35	0	0	0	0	0	0	0	0	Fungi	Ascomycota	Leotiomycetes	Helotiales	Pezizellaceae	Hyalodendriella	NA
49ab3e593ec0955a91f66cfecb6819c5	13	7	0	0	0	7	0	0	191	201	Fungi	Ascomycota	Dothideomycetes	Pleosporales	Periconiaceae	Periconia	NA
49b117a955ac6a4193c6414d74157b51	30	19	44	45	0	11	0	0	25	0	Fungi	Glomeromycota	Glomeromycetes	Glomerales	Glomeraceae	Rhizophagus	NA
4b5cfbc96c425acc45b6ce7077cff72b	12	0	0	6	62	100	0	0	7	16	Fungi	Ascomycota	Sordariomycetes	Hypocreales	Hypocreales_fam_Incertae_sedis	Stanjemonium	NA
4b6e73a45e956a58bc4e7694e56a2a0a	0	26	0	0	0	0	7	0	0	4	Fungi	Basidiomycota	Cystobasidiomycetes	Sakaguchiales	Sakaguchiaceae	Sakaguchia	NA
4bfe433f48f73e43b61f3fac649b3279	94	76	716	720	162	102	197	189	538	349	Fungi	Ascomycota	Sordariomycetes	Hypocreales	Nectriaceae	Fusicolla	NA
4c42a5c472135fd31ab0d76e8d391f3e	0	0	17	0	0	0	0	0	23	7	Fungi	Ascomycota	Sordariomycetes	Sordariales	Lasiosphaeriaceae	Zygopleurage	NA
4c79ccc4f8170d0b578c47c12b14fb36	17	38	0	9	0	0	0	0	0	0	Fungi	Ascomycota	Sordariomycetes	Hypocreales	Bionectriaceae	Bionectriaceae_gen_Incertae_sedis	NA
4ca9f8990eef01fcb47eb3e5bf58478f	0	1	0	0	0	0	0	0	0	0	Fungi	Ascomycota	Lecanoromycetes	NA	NA	NA	NA
4d5e0de842218ad91b946627d6341bb7	0	0	0	0	0	10	7	0	0	0	Fungi	Basidiomycota	Agaricomycetes	Polyporales	Steccherinaceae	Steccherinum	NA
4ec63cd01d9d4bff6836796e135bb2d8	520	343	2025	1199	301	428	727	1478	1628	812	Fungi	Ascomycota	Dothideomycetes	Pleosporales	Sporormiaceae	Preussia	NA
4f982847195ab67f4210df0afaf75069	646	771	315	771	308	246	332	244	282	73	Fungi	Ascomycota	Eurotiomycetes	Chaetothyriales	Herpotrichiellaceae	Exophiala	NA
4fc4ffc8ad3f63417f3be66e4629739c	0	0	0	13	0	0	0	0	0	0	Fungi	Ascomycota	Sordariomycetes	Microascales	Microascales_fam_Incertae_sedis	Cephalotrichiella	NA
5025f9ace34d113e6387aa2761920bbd	7	67	48	41	39	62	0	30	49	20	Fungi	Ascomycota	Eurotiomycetes	Onygenales	Onygenales_fam_Incertae_sedis	Onygenales_gen_Incertae_sedis	NA
50b1c8ad9b919028c2e32aa329c607a5	0	0	111	96	0	0	0	0	0	0	Fungi	Basidiomycota	Ustilaginomycetes	Urocystidales	Urocystidaceae	Urocystis	NA
50c5388769ed6c4147041784c214ba91	0	2	45	29	0	5	13	2	3	2	Fungi	Zoopagomycota	Zoopagomycetes	Zoopagales	Zoopagales_fam_Incertae_sedis	Zoopagales_gen_Incertae_sedis	NA
50df7a774788db10f26f51db9bc88d6a	0	70	0	0	0	0	0	0	0	0	Fungi	Ascomycota	Leotiomycetes	Helotiales	Pezizellaceae	Calycina	NA
518c1be0d9b6fefe8c8a563733fd99ea	0	0	0	0	0	0	0	2	0	0	Fungi	Ascomycota	Dothideomycetes	Mycosphaerellales	Teratosphaeriaceae	Devriesia	NA
51d39f7245e63e3fc2c01d0532d3fed6	11	0	8	0	0	0	8	0	0	0	Fungi	Ascomycota	Sordariomycetes	Hypocreales	Hypocreaceae	Hypomyces	NA
52a21c107edd8df09a971fa76af060bb	0	0	0	0	0	6	0	0	0	0	Fungi	Basidiomycota	Agaricomycetes	Agaricales	Strophariaceae	Hypholoma	NA
5432ff4270a70a55ebafbd8ad915da2d	0	0	0	0	0	14	0	0	0	0	Fungi	Ascomycota	Leotiomycetes	Helotiales	Cenangiaceae	Trochila	NA
547fe59dc02b09741cfafbb89e56d862	6	6	48	14	4	4	0	3	1	21	Fungi	Kickxellomycota	Ramicandelaberomycetes	Ramicandelaberales	Ramicandelaberaceae	Ramicandelaber	NA
5594e20da8256b5e1eb31895a54914b8	19	0	110	46	74	40	12	41	19	25	Fungi	Basidiomycota	Tremellomycetes	Tremellales	Bulleribasidiaceae	Vishniacozyma	NA
568d6444535e338ea496c50063f934e9	0	10	0	0	0	0	0	0	0	0	Fungi	Ascomycota	Sordariomycetes	Boliniales	Boliniales_fam_Incertae_sedis	Boliniales_gen_Incertae_sedis	NA
5691d9d7eaf213913531d6227263d36c	76	24	0	0	105	67	109	58	39	0	Fungi	Ascomycota	Sordariomycetes	Hypocreales	Stachybotryaceae	NA	NA
5826f3ae2d84e7b10518c0c6063f618d	16	10	0	41	0	34	0	0	6	29	Fungi	Ascomycota	Dothideomycetes	Pleosporales	NA	NA	NA
589e7998e8647181fd860252d33da429	408	381	75	207	355	412	616	537	403	263	Fungi	Ascomycota	Ascomycota_cls_Incertae_sedis	Ascomycota_ord_Incertae_sedis	Ascomycota_fam_Incertae_sedis	Ascomycota_gen_Incertae_sedis	NA
59ca5961cd06cc09de814a089edd2a50	6	17	0	0	0	2	0	0	4	22	Fungi	Ascomycota	Saccharomycetes	Saccharomycetales	Debaryomycetaceae	Schwanniomyces	NA
5a033224a7e68eacb39fcbb82ded5420	0	0	8	10	17	47	6	3	0	3	Fungi	Mortierellomycota	Mortierellomycetes	Mortierellales	Mortierellaceae	Tyroliella	NA
5a62bc9e5495a094c8b0067a88784697	0	0	0	3	6	40	0	0	0	0	Fungi	Ascomycota	Laboulbeniomycetes	Pyxidiophorales	Pyxidiophorales_fam_Incertae_sedis	Pyxidiophorales_gen_Incertae_sedis	NA
5b65eb2b4f1e4806cfc066e2f8cb77c2	0	218	0	0	0	0	0	0	0	0	Fungi	Ascomycota	Leotiomycetes	Helotiales	Lachnaceae	Lachnum	NA
5bf0e592cb669a38962a5f63267d941d	35	0	17	46	121	70	189	55	117	206	Fungi	Rozellomycota	Rozellomycotina_cls_Incertae_sedis	GS11	GS11_fam_Incertae_sedis	GS11_gen_Incertae_sedis	NA
5c80c8357673a3ee2d06459e15eba1b0	0	0	0	0	0	1	0	0	0	0	Fungi	Basidiomycota	Agaricomycetes	Agaricales	Hymenogastraceae	Gymnopilus	NA
5cd1fa3bc862f330807a42066b777103	10	16	0	0	0	17	19	30	108	235	Fungi	Ascomycota	Eurotiomycetes	Onygenales	Onygenaceae	Malbranchea	NA
5d39684ee3ba1bb8912ea413e0944aba	682	903	794	308	309	97	194	58	14	45	Fungi	Ascomycota	Archaeorhizomycetes	Archaeorhizomycetales	Archaeorhizomycetaceae	Archaeorhizomyces	NA
5d723578b75bc2c43120f2d5ae57fdf2	0	16	0	0	0	0	0	0	0	0	Fungi	Ascomycota	Sordariomycetes	Hypocreales	Cordycipitaceae	NA	NA
5de946849ad4564eade890da05322858	682	420	1551	714	831	962	723	349	1090	937	Fungi	Ascomycota	Sordariomycetes	Hypocreales	Hypocreales_fam_Incertae_sedis	Hypocreales_gen_Incertae_sedis	NA
5df88103cdf16b5d87d5749015f1a9fe	69	0	184	152	135	193	65	181	331	200	Fungi	Ascomycota	Sordariomycetes	Hypocreales	Bionectriaceae	Verruciconidia	NA
5f682c83f2571a44dfe030f00cf79ea1	0	0	0	0	0	0	0	0	12	0	Fungi	Ascomycota	Sordariomycetes	Sordariales	Chaetomiaceae	Humicola	NA
5fad617351582fcac5b4bfd22f88d7fa	26	11	0	0	0	0	0	24	3	13	Fungi	Chytridiomycota	Spizellomycetes	Spizellomycetales	Spizellomycetales_fam_Incertae_sedis	Spizellomycetales_gen_Incertae_sedis	NA
605ed19ea5f794b16eaaa1a315e71a1e	0	0	0	5	0	2	8	36	0	0	Fungi	Ascomycota	Dothideomycetes	Pleosporales	Dictyosporiaceae	Pseudocoleophoma	NA
61a029fa7ddc724c0d17280c088e2a84	0	0	0	10	0	15	0	14	0	0	Fungi	Ascomycota	Leotiomycetes	Helotiales	Sclerotiniaceae	Clarireedia	NA
61bc42f0287d4f48c2a33a85ee775e90	4	0	32	13	48	61	12	26	25	58	Fungi	Basidiomycota	Agaricomycetes	Agaricales	NA	NA	NA
6235c763780c24dec676ec4618f8f79e	0	9	0	0	0	0	0	0	0	4	Fungi	Basidiomycota	Exobasidiomycetes	Georgefischeriales	Tilletiariaceae	Tilletiaria	NA
62e2d041c6b164dc81afa9cf6ddb720e	0	0	0	0	0	0	0	0	8	0	Fungi	Ascomycota	Dothideomycetes	Tubeufiales	Tubeufiaceae	Zaanenomyces	NA
63b7b438c65577bc890452675e99d066	0	11	0	0	0	0	0	0	0	0	Fungi	Ascomycota	Sordariomycetes	Hypocreales	Bionectriaceae	Valsonectria	NA
63bdffeea1f396a235a0aec44c29ae1f	0	9	0	0	0	0	0	0	0	0	Fungi	Basidiomycota	Agaricomycetes	Tremellodendropsidales	Tremellodendropsidales_fam_Incertae_sedis	Tremellodendropsidales_gen_Incertae_sedis	NA
647154b80540bbbfa6eaa05091ba90da	22	0	0	0	0	0	0	0	0	0	Fungi	Ascomycota	Dothideomycetes	Pleosporales	Roussoellaceae	Neoroussoella	NA
64b4faca47c9d98bb9f266c16036ec75	0	0	0	0	22	17	0	0	0	0	Fungi	Ascomycota	Leotiomycetes	Helotiales	Lachnaceae	NA	NA
64ec13fa164c85826b47029f2f253dfe	3	15	324	13	12	14	0	15	17	44	Fungi	Chytridiomycota	Chytridiomycota_cls_Incertae_sedis	Chytridiomycota_ord_Incertae_sedis	Chytridiomycota_fam_Incertae_sedis	Chytridiomycota_gen_Incertae_sedis	NA
6561b49957472649f70f2e0e30fd9df0	238	478	0	0	68	48	88	89	0	0	Fungi	Ascomycota	Sordariomycetes	Coniochaetales	Coniochaetaceae	Lecythophora	NA
6591310442e0d49d0b3ad91a17b7e6aa	0	12	0	0	0	0	0	0	0	0	Fungi	Ascomycota	Sordariomycetes	Sordariales	Lasiosphaeriaceae	Lasiosphaeria	NA
6625e41458e5dd84951cd31df06c96b4	0	0	2	0	0	0	0	0	0	0	Fungi	Basidiomycota	Ustilaginomycetes	Ustilaginales	Ustilaginaceae	Ustilago	NA
66aceda0c5cae5a5b8703daa4120073c	0	0	0	0	0	0	0	0	0	3	Fungi	Ascomycota	Pezizomycetes	Pezizales	Pyronemataceae	Trichophaeopsis	NA
673a3d6938de939c639b96e68bb551ee	0	0	5	0	0	0	0	0	0	0	Fungi	Basidiomycota	Agaricomycetes	Polyporales	Polyporaceae	NA	NA
684669058da3039f55d4e2dc13d8c35d	0	0	0	0	0	0	0	3	0	0	Fungi	Ascomycota	Sordariomycetes	Hypocreales	Bionectriaceae	Nectriopsis	NA
68762b472030e92a3a11dd5d47e26eb4	732	420	436	437	669	469	2230	679	587	1104	Fungi	Mortierellomycota	Mortierellomycetes	Mortierellales	Mortierellaceae	Linnemannia	NA
68ab80d0fe4c7733159df7e7283ef8a7	40	37	22	0	0	0	0	0	38	0	Fungi	Ascomycota	Sordariomycetes	Sordariales	Chaetomiaceae	Chaetomiaceae_gen_Incertae_sedis	NA
68ae26cfe4e3fa63ed09f261004f94e7	0	3	0	0	0	0	0	0	0	0	Fungi	Basidiomycota	Agaricomycetes	Sebacinales	Sebacinaceae	Sebacinaceae_gen_Incertae_sedis	NA
693d75b29e80ab97ade28ce78bf8deda	0	0	0	0	32	9	0	0	28	0	Fungi	Ascomycota	Dothideomycetes	Pleosporales	Torulaceae	Torula	NA
69973523e46063873295aa5a09fa983b	18	19	114	33	23	43	57	42	28	46	Fungi	Basidiomycota	Agaricomycetes	Agaricomycetes_ord_Incertae_sedis	Agaricomycetes_fam_Incertae_sedis	Agaricomycetes_gen_Incertae_sedis	NA
69e1a4356e17f4407e0877b4f4a2bbdb	0	12	0	0	8	5	0	1	0	0	Fungi	Ascomycota	Eurotiomycetes	Chaetothyriales	Herpotrichiellaceae	Herpotrichiellaceae_gen_Incertae_sedis	NA
6a2134c6a53fedf045a948f485ef3744	27	12	0	3	0	0	0	0	32	7	Fungi	Rozellomycota	Rozellomycotina_cls_Incertae_sedis	Branch03	Branch03_fam_Incertae_sedis	Branch03_gen_Incertae_sedis	NA
6a6cf9a2d9af63078339d38479e5c91b	0	0	0	0	0	0	0	4	0	0	Fungi	Ascomycota	Eurotiomycetes	Onygenales	Neoarthropsidaceae	Albidomyces	NA
6bdb0fc4b430b5ea280b68444a744355	8	7	10	10	0	1	0	0	7	4	Fungi	Rozellomycota	Rozellomycotina_cls_Incertae_sedis	GS05	GS05_fam_Incertae_sedis	GS05_gen_Incertae_sedis	NA
6be87d7c41aee73c60c89ead5bf2a40f	0	0	41	0	0	0	0	0	0	0	Fungi	Rozellomycota	Rozellomycotina_cls_Incertae_sedis	GS02	GS02_fam_Incertae_sedis	GS02_gen_Incertae_sedis	NA
6c8039f4ee29c76364e5ac87ea85407e	0	0	0	0	9	95	0	0	356	215	Fungi	Ascomycota	Sordariomycetes	Microascales	Microascaceae	Cephalotrichum	NA
6e2aaa42fb80fe7678812bc7ebe67446	15	20	0	5	0	0	0	0	0	5	Fungi	Ascomycota	Sordariomycetes	Xylariales	Microdochiaceae	Microdochium	NA
6e49b44b2acaec155cc49b818ae1262c	16	9	70	47	176	84	31	30	19	0	Fungi	Ascomycota	Leotiomycetes	Helotiales	Helotiales_fam_Incertae_sedis	Cistella	NA
6efd26f2a837fac945d3f77884816e1a	0	0	0	0	0	4	0	0	0	0	Fungi	Basidiomycota	Agaricomycetes	Russulales	Peniophoraceae	Peniophora	NA
6f65cb830a392a190aa7075e3a85d769	0	0	70	11	0	0	0	0	0	0	Fungi	Ascomycota	Sordariomycetes	Sordariales	Chaetomiaceae	Melanocarpus	NA
6f708c841d5ee49c5974e6bacbb8d989	286	469	189	333	229	253	81	135	93	234	Fungi	Chytridiomycota	Rhizophydiomycetes	Rhizophydiales	Rhizophydiales_fam_Incertae_sedis	Rhizophydiales_gen_Incertae_sedis	NA
702f8e95ffd5ee4a320195ba205944ed	15	36	0	0	0	14	0	0	0	4	Fungi	Ascomycota	Orbiliomycetes	Orbiliales	Orbiliaceae	Orbiliaceae_gen_Incertae_sedis	NA
70c83d2b4becd594f85eb7bd0d886678	0	0	15	16	0	3	18	115	0	4	Fungi	Ascomycota	Leotiomycetes	Helotiales	Helotiaceae	Scytalidium	NA
717ffbcd1e73fb7e5d160847dae7ea8f	8	0	12	48	37	34	0	5	62	50	Fungi	Ascomycota	Dothideomycetes	Pleosporales	Didymellaceae	Chaetasbolisia	NA
71d1e24a1cca99179ec9b41dd35bb38f	0	2	0	0	0	0	0	0	0	0	Fungi	Ascomycota	Eurotiomycetes	Onygenales	Onygenaceae	Keratinophyton	NA
73fb920714c51cfe5d81549b7ae7a923	109	12	0	48	16	23	0	0	214	110	Fungi	Ascomycota	Sordariomycetes	Sordariales	Neoschizotheciaceae	Neoschizothecium	NA
742dd7c6630a18d0c2434ac00a9c2f1f	0	0	5	334	130	290	19	65	181	175	Fungi	Ascomycota	Sordariomycetes	Sordariales	Bombardiaceae	Ramophialophora	NA
744f18001bc21e805ad5ac4b45df5019	0	0	14	0	0	0	0	0	0	0	Fungi	Ascomycota	Sordariomycetes	Savoryellales	Savoryellaceae	NA	NA
750f0f6cd4aaa9b79dd89cd4ad921316	0	7	0	0	0	2	0	0	0	0	Fungi	Ascomycota	Sordariomycetes	Xylariales	Xylariales_fam_Incertae_sedis	Xylariales_gen_Incertae_sedis	NA
76d9f733cdebb495a00597e517574ff6	0	0	0	11	0	0	0	0	0	6	Fungi	Ascomycota	Sordariomycetes	Xylariomycetidae_ord_Incertae_sedis	Xylariomycetidae_fam_Incertae_sedis	Calceomyces	NA
7730d1e3203a45c7857c6de38db9d22f	0	0	0	0	0	2	0	0	0	0	Fungi	Ascomycota	Sordariomycetes	Xylariales	Hypoxylaceae	Hypoxylon	NA
77c8eba0ae92b8b1f151646e1402d27c	0	0	0	0	0	0	0	2	0	12	Fungi	Chytridiomycota	Spizellomycetes	Spizellomycetales	Spizellomycetaceae	Spizellomyces	NA
77f65ffe5653d81e1fe29164c3534329	0	8	0	0	0	0	0	0	0	0	Fungi	Ascomycota	Sordariomycetes	Sordariomycetes_ord_Incertae_sedis	Junewangiaceae	Junewangiaceae_gen_Incertae_sedis	NA
78baeb4acaf2da94c88c9c8a227cbbdb	25	0	41	15	0	5	0	31	15	0	Fungi	Ascomycota	Dothideomycetes	Pleosporales	Pleosporaceae	NA	NA
78f786d4727376c9fabac62063509ad8	0	0	8	0	0	0	0	0	0	0	Fungi	Ascomycota	Dothideomycetes	Capnodiales	Capnodiaceae	Chaetocapnodium	NA
7902a69089f69b1838947eac2af665ce	0	4	0	0	0	0	0	0	0	3	Fungi	Basidiomycota	Malasseziomycetes	Malasseziales	Malasseziaceae	Malassezia	NA
7a2bde330f1aaeddc77940a3fd8255aa	0	0	0	18	0	7	15	0	0	0	Fungi	Olpidiomycota	Olpidiomycetes	Olpidiales	Olpidiaceae	Olpidium	NA
7a43cd1d992604b65cc0ad278bf29be7	0	0	1	0	0	15	9	0	0	2	Fungi	Rozellomycota	Rozellomycotina_cls_Incertae_sedis	GS08	GS08_fam_Incertae_sedis	GS08_gen_Incertae_sedis	NA
7a81cc149fbb7b386d41e4fc2e92143e	0	0	28	70	22	49	0	15	30	0	Fungi	Mucoromycota	Endogonomycetes	Endogonomycetes_ord_Incertae_sedis	Endogonomycetes_fam_Incertae_sedis	Endogonomycetes_gen_Incertae_sedis	NA
7b29cfa38d0c487b92de212b831f8d1d	0	0	0	7	0	0	0	0	11	0	Fungi	Glomeromycota	Glomeromycetes	Glomerales	Glomeraceae	Funneliformis	NA
7b48ad32875476094a6b0d1407e1c7d1	0	19	0	0	0	0	0	0	0	56	Fungi	Ascomycota	Ascomycota_cls_Incertae_sedis	Ascomycota_ord_Incertae_sedis	Ascomycota_fam_Incertae_sedis	Phaeodactylium	NA
7b7adf1202969cb0f894d7c424929812	415	140	0	0	0	0	0	0	0	0	Fungi	Ascomycota	Dothideomycetes	Pleosporales	Pyrenochaetopsidaceae	Xenopyrenochaetopsis	NA
7bb6e2a4259939a5bbc75575e37c169e	0	0	0	5	0	0	0	0	0	0	Fungi	Basidiomycota	Agaricomycetes	Agaricales	Agaricaceae	Coprinus	NA
7bd71a6186f8e327df0681e09427a03a	18	16	17	0	0	0	0	0	0	2	Fungi	Basidiomycota	Agaricomycetes	Auriculariales	Oliveoniaceae	Oliveonia	NA
7d6a1318ec6d590cb1ae1bb8df1e1503	161	545	211	26	331	299	755	795	47	49	Fungi	Ascomycota	Leotiomycetes	Helotiales	Ploettnerulaceae	Cadophora	NA
7dfd6241572f38ff973152865fad0f76	0	36	0	0	46	37	0	0	41	0	Fungi	Ascomycota	Sordariomycetes	Glomerellales	Plectosphaerellaceae	Verticillium	NA
7e99a0575f125fada521b8f004370b19	0	0	0	0	0	0	43	0	0	0	Fungi	Ascomycota	Eurotiomycetes	Eurotiales	Aspergillaceae	NA	NA
7f6a646bd13e8ed2a7fbfee905422f94	18	0	34	68	0	5	0	0	28	12	Fungi	Ascomycota	Sordariomycetes	Hypocreales	Nectriaceae	Thelonectria	NA
7f6fba2f705086580fb096a58e760022	411	401	134	126	197	242	691	358	576	207	Fungi	Rozellomycota	Rozellomycota_cls_Incertae_sedis	Rozellomycota_ord_Incertae_sedis	Rozellomycota_fam_Incertae_sedis	Rozellomycota_gen_Incertae_sedis	NA
7f7559ffdfed8813ffb0fda2f9e72120	0	6	33	0	0	7	0	0	0	0	Fungi	Ascomycota	Lecanoromycetes	Lecanorales	Lecanorales_fam_Incertae_sedis	Lecanorales_gen_Incertae_sedis	NA
7f7ae4fd6dac6067cc1825dafb9ef135	0	0	0	0	0	0	0	0	32	0	Fungi	Basidiobolomycota	Basidiobolomycetes	Basidiobolales	Basidiobolaceae	Basidiobolus	NA
7fbb93d82e4abea98be2b43aa3e311fd	5830	4872	4767	4494	4072	3910	4881	4178	3529	4229	Fungi	NA	NA	NA	NA	NA	NA
80216773366d30b288096eef0a0b2df6	5	0	0	7	0	4	0	0	33	50	Fungi	Ascomycota	Sordariomycetes	Hypocreales	Stachybotryaceae	Alfaria	NA
8057ebebd7e29c7569a5496f8b58ce4a	0	0	0	0	0	8	0	0	0	0	Fungi	Ascomycota	Sordariomycetes	Xylariales	Xylariales_fam_Incertae_sedis	Xenoanthostomella	NA
8129d5624ad658f89f957916068e881e	0	0	0	0	18	27	0	0	0	0	Fungi	Basidiomycota	Agaricomycetes	Sebacinales	Sebacinaceae	Efibulobasidium	NA
8150261c77d39519d7d1c1534c410b0b	0	0	0	11	0	0	0	0	0	0	Fungi	Ascomycota	Sordariomycetes	Sordariales	Chaetomiaceae	Remersonia	NA
81b7437613ba69074c87b05ebdf96b15	62	86	179	110	65	40	0	0	60	25	Fungi	Ascomycota	Sordariomycetes	Hypocreales	Bionectriaceae	Gliomastix	NA
8291c6d8299999b327fa8ffde491ee2e	0	5	0	0	22	3	0	7	0	0	Fungi	Ascomycota	Leotiomycetes	Leotiomycetes_ord_Incertae_sedis	Leotiomycetes_fam_Incertae_sedis	Leotiomycetes_gen_Incertae_sedis	NA
833776994fa609a9c2474e6f2d887f57	8	0	10	5	0	0	0	0	0	0	Fungi	Ascomycota	Dothideomycetes	Pleosporales	Dacampiaceae	Aaosphaeria	NA
837e872dd77fdb9ecc4a8229379c515a	0	14	0	0	0	0	0	0	0	0	Fungi	Ascomycota	Leotiomycetes	Helotiales	Pezizellaceae	NA	NA
8394e2c4ebc1a5abcdcc46bb6b3ed716	8	0	87	29	27	10	6	2	135	108	Fungi	Ascomycota	Sordariomycetes	Hypocreales	Stachybotryaceae	Stachybotryaceae_gen_Incertae_sedis	NA
83ad316b90ae6e7b452c6eef37b99d18	185	35	17	5	10	97	40	14	16	10	Fungi	Basidiomycota	Basidiomycota_cls_Incertae_sedis	Basidiomycota_ord_Incertae_sedis	Basidiomycota_fam_Incertae_sedis	Basidiomycota_gen_Incertae_sedis	NA
83b953fa09aa85cee099106db66ec014	0	0	51	0	0	1	0	0	0	0	Fungi	Ascomycota	Sordariomycetes	Coronophorales	Ceratostomataceae	Harzia	NA
83bddc778834b1a3c1767f0623569410	26	56	301	31	143	72	28	124	45	0	Fungi	Glomeromycota	Glomeromycetes	Glomerales	Glomeraceae	Glomeraceae_gen_Incertae_sedis	NA
83ddbe932d3a194939266f2685cbc2a2	17	0	0	0	0	2	0	0	36	33	Fungi	Ascomycota	Sordariomycetes	Hypocreales	Stachybotryaceae	Striatibotrys	NA
83de4cdc62445bfabacb669a405e401c	15	28	51	46	29	15	7	7	20	20	Fungi	Basidiomycota	Microbotryomycetes	Sporidiobolales	Sporidiobolaceae	Rhodotorula	NA
8477293711ae769ad34a86f51ba4611b	0	39	49	111	52	67	107	63	174	100	Fungi	Ascomycota	Sordariomycetes	Sordariales	Chaetomiaceae	Botryotrichum	NA
858f6f6827508f4cdca77c8af64e15bd	3	0	58	96	25	3	0	14	7	0	Fungi	Ascomycota	Sordariomycetes	Hypocreales	Stachybotryaceae	Stachybotrys	NA
877b1af763b33a78fb580907ccc60521	0	9	0	0	0	0	0	0	0	0	Fungi	Ascomycota	Sordariomycetes	Hypocreales	Clavicipitaceae	Neobarya	NA
87a9de3d5b0929d3b3e6b631761bcdd4	0	0	5	0	0	0	0	0	0	0	Fungi	Glomeromycota	Glomeromycetes	Diversisporales	Acaulosporaceae	NA	NA
88673f857215d6cd76d9051f1fc037ab	21	13	48	21	39	60	0	0	18	4	Fungi	Basidiomycota	Tremellomycetes	Tremellales	Tremellaceae	Tremella	NA
8901f9b22f058ba3b7a1355e4dac18e7	0	0	0	0	5	16	0	0	0	0	Fungi	Basidiomycota	Microbotryomycetes	Heterogastridiales	Heterogastridiaceae	Pycnopulvinus	NA
8998880dcc74089f6f363face9567c24	31	15	21	100	0	0	0	9	0	30	Fungi	Ascomycota	Dothideomycetes	Pleosporales	Didymellaceae	Xenodidymella	NA
89f6c521f1924a47fbc710dab84c3f53	0	0	257	295	49	37	106	79	228	20	Fungi	Basidiomycota	Tremellomycetes	Tremellales	Bulleribasidiaceae	Bulleribasidiaceae_gen_Incertae_sedis	NA
8a3eaa5f957eb0704cb2ad7d4c583e10	1606	216	461	1056	1212	2112	67	36	2431	2357	Fungi	Ascomycota	Sordariomycetes	Glomerellales	Plectosphaerellaceae	NA	NA
8b4d47e7e037f7286fce9f33db76802c	106	21	0	0	0	0	0	6	19	0	Fungi	Ascomycota	Sordariomycetes	Sordariales	Podosporaceae	Podospora	NA
8b67ddff58f5a97e0d5da12fcca0bf82	18	41	6	10	21	0	0	0	84	16	Fungi	Ascomycota	Dothideomycetes	Pleosporales	Didymosphaeriaceae	Paraphaeosphaeria	NA
8b68fe39fd1d686b5ef773b7a5f18f64	0	0	9	0	10	11	0	0	0	0	Fungi	Glomeromycota	Glomeromycetes	Diversisporales	Diversisporaceae	Diversispora	NA
8bc8319d4d1174627488f679fa9b1678	0	0	0	3	0	0	0	0	0	0	Fungi	Ascomycota	Dothideomycetes	Microthyriales	Microthyriaceae	Isthmomyces	NA
8be1b9a8120cb0a9696dfdec558dcdac	25	60	0	0	0	0	32	27	29	194	Fungi	Ascomycota	Pezizomycetes	Pezizales	Pyronemataceae	Pyronemataceae_gen_Incertae_sedis	NA
8cb7da06eb4bbdc07bbf6999b2234989	0	0	0	0	0	0	121	58	0	0	Fungi	Basidiomycota	Agaricomycetes	Hymenochaetales	Rickenellaceae	Cotylidia	NA
8cb80da343eac60b759fe91124c5e657	0	0	0	0	0	8	0	0	0	0	Fungi	Ascomycota	Leotiomycetes	Helotiales	Discinellaceae	Articulospora	NA
8ce621ca0700b2883f244fee308464c8	12	13	0	0	0	0	0	0	0	0	Fungi	Basidiomycota	Tremellomycetes	Trichosporonales	Tetragoniomycetaceae	Tetragoniomyces	NA
8d6e86da10900d5a599c25803dfb843e	0	0	0	0	0	0	0	0	47	0	Fungi	Ascomycota	Leotiomycetes	Helotiales	Calloriaceae	Calloria	NA
8d85cb5dde0aa00bae2d9ff6d00bdcf7	0	13	0	0	0	2	0	0	20	5	Fungi	Ascomycota	Eurotiomycetes	Onygenales	Onygenaceae	Castanedomyces	NA
8dc43252e3193f1f19e8b2e3c4d6b03b	0	0	0	0	0	17	0	0	1010	759	Fungi	Ascomycota	Eurotiomycetes	Eurotiales	NA	NA	NA
8dfba7769ddcef38940d5729cbe68344	0	0	0	0	0	0	0	4	0	0	Fungi	Ascomycota	Pezizomycetes	Pezizales	Pseudombrophilaceae	Heydenia	NA
8ea5944809f6d7f574ce6195f229812d	0	0	0	0	0	0	0	0	36	22	Fungi	Ascomycota	Sordariomycetes	Hypocreales	Stachybotryaceae	Striaticonidium	NA
8ee66681c859c648c2eec272e3d75229	0	0	0	35	0	0	0	0	0	0	Fungi	Ascomycota	Dothideomycetes	Pleosporales	Phaeosphaeriaceae	Parastagonospora	NA
8fabad4be5c029e2b8c12f145fdcd8a8	43	32	258	130	141	56	29	7	17	18	Fungi	Basidiomycota	Agaricomycetes	Agaricales	Entolomataceae	Entoloma	NA
8faf977eab30e229c4ba0eec5059a410	0	0	0	0	0	37	0	0	0	4	Fungi	Ascomycota	Sordariomycetes	Hypocreales	Tilachlidiaceae	Tilachlidium	NA
90b749b231e3544d13112a344ef1ab15	25	24	10	26	86	11	14	9	18	6	Fungi	Glomeromycota	Glomeromycetes	Glomerales	Glomeraceae	NA	NA
922e85233300c01321e0056c3a5e5618	4	14	0	0	5	0	4	0	0	2	Fungi	Mucoromycota	Mucoromycetes	Mucorales	Mucoraceae	Mucor	NA
92b98bc792e86cd8e60b259576e96eee	0	0	0	0	0	0	0	0	109	2	Fungi	Monoblepharomycota	Monoblepharidomycetes	Monoblepharidales	Monoblepharidales_fam_Incertae_sedis	Monoblepharidales_gen_Incertae_sedis	NA
93af5ea5e05de4a0f7e202b93fdca250	0	0	6	14	45	26	24	68	0	0	Fungi	Ascomycota	Eurotiomycetes	Chaetothyriales	Cyphellophoraceae	Cyphellophora	NA
94e50809d1d72f6fe669df0933bcff19	0	0	0	0	0	2	0	0	0	0	Fungi	Basidiomycota	Agaricomycetes	Auriculariales	Auriculariales_fam_Incertae_sedis	Auriculariales_gen_Incertae_sedis	NA
951d85089f04a90b97d870b0fb038eb6	65	186	11	175	59	137	47	98	325	325	Fungi	Ascomycota	Sordariomycetes	Sordariales	Lasiosphaeriaceae	Schizothecium	NA
9678d06ab998c2fa17fdd83bfffe078a	4	0	0	17	3	1	0	0	12	16	Fungi	Ascomycota	Eurotiomycetes	Onygenales	Onygenaceae	Leucothecium	NA
972d6aeab20275d15b750770502a6fbf	0	0	0	0	0	0	0	0	34	19	Fungi	Ascomycota	Sordariomycetes	Pleurotheciales	Pleurotheciaceae	Pleurotheciella	NA
9747323b6d072879b58147a0a949e98b	37	179	0	0	0	0	0	0	0	0	Fungi	Ascomycota	Dothideomycetes	Pleosporales	Melanommataceae	Camposporium	NA
9756c1c840661e8d07d806736b548ad2	3	18	29	39	0	1	0	0	0	0	Fungi	Basidiomycota	Microbotryomycetes	Kriegeriales	Kriegeriales_fam_Incertae_sedis	Kriegeriales_gen_Incertae_sedis	NA
9763ddec108314ca13da7eef6f141bef	22	10	0	0	0	0	0	0	0	0	Fungi	Basidiomycota	Agaricomycetes	Hymenochaetales	Schizoporaceae	Schizoporaceae_gen_Incertae_sedis	NA
9800f9d9365267be694661ee7238b1ef	0	0	218	12	25	80	0	8	6	3	Fungi	Basidiomycota	Agaricostilbomycetes	Agaricostilbales	Chionosphaeraceae	Kurtzmanomyces	NA
9894d9c9e30c524e700ff9d18e5cc667	0	0	0	3	0	0	0	0	0	0	Fungi	Basidiomycota	Tremellomycetes	Tremellales	Bulleribasidiaceae	Hannaella	NA
990ba543ccff9e35f7d1c683775446d7	0	0	0	0	0	0	0	5	0	0	Fungi	Ascomycota	Sordariomycetes	Hypocreales	Bionectriaceae	Stephanonectria	NA
99a0676233b971c86f089f975a55e20c	81	55	108	372	4	30	224	288	100	27	Fungi	Ascomycota	Eurotiomycetes	Eurotiales	Trichocomaceae	Talaromyces	NA
99ba53a1c85d3cc78ae7165c0e302dc9	5	26	0	49	31	54	24	17	24	38	Fungi	Basidiomycota	NA	NA	NA	NA	NA
9a21b7d1fb11882a5877240d8b82556b	3	0	0	0	0	0	0	0	14	0	Fungi	Ascomycota	Sordariomycetes	Hypocreales	Myrotheciomycetaceae	Trichothecium	NA
9b7587de2309430782614e943a29a372	0	9	9	2	0	0	0	0	0	0	Fungi	Basidiomycota	Agaricomycetes	Agaricales	Psathyrellaceae	Psathyrella	NA
9b75f399f75c984ee308f3d08af6382b	0	0	0	0	0	5	0	0	0	0	Fungi	Mortierellomycota	Mortierellomycetes	Mortierellales	Mortierellaceae	Actinomortierella	NA
9c06cab9acbc4695b9bc648502b4446b	7	0	9	6	0	5	0	5	3	18	Fungi	Basidiomycota	Tremellomycetes	Filobasidiales	Filobasidiaceae	Filobasidium	NA
9c778b2e854c5e8b21856bed6c82e556	0	0	0	0	0	3	0	0	0	0	Fungi	Ascomycota	Sordariomycetes	Xylariales	Lopadostomataceae	Lopadostoma	NA
9c7867780f33f71df1d71a7f2e649636	14	12	0	10	30	19	0	9	20	6	Fungi	Basidiomycota	Microbotryomycetes	Microbotryomycetes_ord_Incertae_sedis	Microbotryomycetes_fam_Incertae_sedis	Microbotryomycetes_gen_Incertae_sedis	NA
9ca316862c3d4d56531b1dcfdc7ff5be	22	4	157	108	0	1	6	27	42	34	Fungi	Rozellomycota	Rozellomycotina_cls_Incertae_sedis	GS10	GS10_fam_Incertae_sedis	GS10_gen_Incertae_sedis	NA
9cb8f060dfeb7f69b8bbc41eab426773	0	0	13	0	0	0	0	0	12	9	Fungi	Ascomycota	Pezizomycetes	Pezizales	Ascobolaceae	Ascobolaceae_gen_Incertae_sedis	NA
9dac46abfb3e99404b9e76c988567c66	0	0	0	0	0	1	0	0	0	0	Fungi	Chytridiomycota	Lobulomycetes	Lobulomycetales	Alogomycetaceae	Alogomyces	NA
9e1bc2e1a93bd79cc1ce594414c04b55	0	0	0	7	0	0	0	0	0	0	Fungi	Ascomycota	Archaeorhizomycetes	Archaeorhizomycetales	Archaeorhizomycetaceae	NA	NA
9e90f9c074a3877cc625e3c449a6d63c	0	0	2	0	0	0	0	0	0	0	Fungi	Ascomycota	Sordariomycetes	Microascales	Microascales_fam_Incertae_sedis	Microascales_gen_Incertae_sedis	NA
9f210cc5e7589b16c6383a19063dcdaf	2	0	0	0	0	0	0	0	0	0	Fungi	Ascomycota	Sordariomycetes	Coniochaetales	NA	NA	NA
9fd5c97251e3223b44ba8655a322f700	79	34	59	5	0	0	0	0	27	0	Fungi	Ascomycota	Sordariomycetes	Hypocreales	Hypocreales_fam_Incertae_sedis	Chlamydocillium	NA
9feb77fb4b011fb044869e96ed7d1c6a	33	78	57	0	0	0	0	0	0	0	Fungi	Ascomycota	Dothideomycetes	Capnodiales	Capnodiaceae	Heteroconium	NA
a051342d298f8930eaad8363c42bc80a	0	0	0	0	0	1	0	0	0	0	Fungi	Basidiomycota	Cystobasidiomycetes	NA	NA	NA	NA
a07f44e99e280742707d4ebb23214c5f	260	167	72	189	110	54	28	17	152	66	Fungi	Ascomycota	Sordariomycetes	Hypocreales	NA	NA	NA
a0bf1e346103c301fae00b2a0cdf8c92	0	0	54	0	0	0	0	0	0	0	Fungi	Ascomycota	Sordariomycetes	Coronophorales	Ceratostomataceae	Melanospora	NA
a1095bc686a8a0089b76ae194e73b460	18	0	0	0	4	91	0	0	0	0	Fungi	Basidiomycota	Agaricomycetes	Auriculariales	Hyaloriaceae	Myxarium	NA
a16d818bc453f0b5780e574ecbb38224	0	0	0	0	0	13	0	0	0	0	Fungi	Ascomycota	Leotiomycetes	Helotiales	Pezizellaceae	Rodwayella	NA
a2595e3c50f46b1ebf21c01755d12209	128	0	73	0	181	120	30	79	722	189	Fungi	Basidiomycota	Agaricomycetes	Trechisporales	Hydnodontaceae	Subulicystidium	NA
a25e162917132b17a2e85578d39b1a45	469	266	275	1123	638	486	348	211	303	366	Fungi	Basidiomycota	Tremellomycetes	Trichosporonales	Trichosporonaceae	Apiotrichum	NA
a27a6f06ed4694944a7a279206e4c484	0	0	22	0	0	0	0	0	0	0	Fungi	Ascomycota	Eurotiomycetes	Verrucariales	Verrucariaceae	Psoroglaena	NA
a27f53c9453738c9f5bc985f806de61a	9	15	3	3	0	0	26	0	0	6	Fungi	Basidiomycota	Agaricomycetes	Polyporales	Ganodermataceae	Ganoderma	NA
a2878a4e252dfa8b1162300ca2040ca5	55	173	65	57	71	38	215	183	597	469	Fungi	Ascomycota	Sordariomycetes	Hypocreales	Nectriaceae	Fusarium	NA
a2a92febedb58daf0c49bf74f5e678db	0	0	0	8	0	4	0	17	0	41	Fungi	Ascomycota	Dothideomycetes	Pleosporales	Phaeosphaeriaceae	Phaeosphaeria	NA
a2c307c641afc97423e315814bcf698d	0	5	0	4	0	0	0	0	13	24	Fungi	Ascomycota	Sordariomycetes	Diaporthales	Diaporthaceae	Diaporthe	NA
a39ba8b94eacb850e45f52b3b063a462	45	95	251	311	26	30	42	49	210	243	Fungi	Basidiomycota	Tremellomycetes	Filobasidiales	Piskurozymaceae	Solicoccozyma	NA
a401cf666dde6392dbc82d0899a91327	0	0	0	0	0	0	0	0	0	8	Fungi	Basidiomycota	Agaricomycetes	Agaricales	Psathyrellaceae	NA	NA
a4712edfd2b3d95ada0d38ad3e37a545	0	0	0	0	89	70	140	128	0	0	Fungi	Ascomycota	Dothideomycetes	Mycosphaerellales	Mycosphaerellaceae	Cercospora	NA
a4cd359f157a88043ccf6a1e8feb8429	29	11	0	0	0	4	0	0	7	3	Fungi	Ascomycota	Dothideomycetes	Tubeufiales	Tubeufiaceae	Tubeufiaceae_gen_Incertae_sedis	NA
a5822e10913ac0af9df521404d68fc25	0	0	0	12	0	0	0	39	41	0	Fungi	Ascomycota	Sordariomycetes	Hypocreales	Bionectriaceae	Nectriella	NA
a58eae180affc3a5d20e6b2b9d376165	8	17	41	71	201	259	118	76	73	5	Fungi	Basidiomycota	Agaricomycetes	Agaricales	Agaricales_fam_Incertae_sedis	Agaricales_gen_Incertae_sedis	NA
a5bb4c7be59b85af5a83dd0bb5eff699	15	0	0	0	0	0	226	159	29	7	Fungi	Ascomycota	Eurotiomycetes	Onygenales	Onygenaceae	Xanthothecium	NA
a5e5939c8162ff2809641218c7bc63a0	0	0	64	37	35	72	0	63	81	49	Fungi	Ascomycota	Eurotiomycetes	Chaetothyriales	Chaetothyriales_fam_Incertae_sedis	Chaetothyriales_gen_Incertae_sedis	NA
a66058207eaf39e7af80f5fc6683b51c	0	0	0	2	0	0	0	0	0	0	Fungi	Ascomycota	Sordariomycetes	Microascales	Ceratocystidaceae	Berkeleyomyces	NA
a6a8d901d2df11c11a7eaea82f8e5b75	24	31	0	18	7	51	10	4	4	55	Fungi	Chytridiomycota	NA	NA	NA	NA	NA
a6ebc16ff1318c4c9a9ee2e7a079d986	48	0	0	0	0	0	0	0	0	0	Fungi	Ascomycota	Sordariomycetes	Hypocreales	Hypocreales_fam_Incertae_sedis	NA	NA
a722cf4557b0ae472806a3e80393108b	0	23	33	39	104	108	421	548	134	158	Fungi	Ascomycota	Sordariomycetes	Sordariales	Chaetomiaceae	NA	NA
a72763c73f2a3a8763c7378b0496f4ae	0	15	0	0	0	0	0	0	0	0	Fungi	Ascomycota	Dothideomycetes	Dothideomycetes_ord_Incertae_sedis	Pseudorobillardaceae	Pseudorobillarda	NA
a7662e23b06ad01fc695d19e6b5ecb63	41	90	129	260	39	65	66	61	60	9	Fungi	Ascomycota	Leotiomycetes	Helotiales	NA	NA	NA
a83973dbac34e5d1a46881654e780793	0	0	0	0	95	93	0	11	0	0	Fungi	Basidiomycota	Agaricomycetes	Cantharellales	Tulasnellaceae	Tulasnella	NA
a907f1ebcdf65d958357b81d5abe2035	0	4	197	130	10	14	0	0	5	19	Fungi	Rozellomycota	Rozellomycotina_cls_Incertae_sedis	GS07	GS07_fam_Incertae_sedis	GS07_gen_Incertae_sedis	NA
ab90ba693900e4fbd5c80d3867edd2e6	23	7	200	106	202	186	0	9	2	2	Fungi	Ascomycota	Saccharomycetes	Saccharomycetales	Lipomycetaceae	Lipomyces	NA
abc6bdd20fdbb5b74264ee0c3319b308	0	0	0	0	0	0	0	0	0	28	Fungi	Ascomycota	Sordariomycetes	Hypocreales	Hypocreales_fam_Incertae_sedis	Xenoacrodontium	NA
ac2eb6e773cc469c8d81124367672e40	13	0	0	0	0	0	0	0	0	0	Fungi	Basidiomycota	Agaricomycetes	Geastrales	Geastraceae	Geastrum	NA
ac35b0cb8561b769c55e16435f8aafe0	26	21	20	38	19	80	282	137	133	57	Fungi	Ascomycota	Dothideomycetes	Pleosporales	Melanommataceae	Pleotrichocladium	NA
ac3e8b34878ca17f90f63358904c4c4c	0	0	0	0	10	24	0	41	0	0	Fungi	Basidiomycota	Agaricomycetes	Sebacinales	Sebacinales_fam_Incertae_sedis	Sebacinales_gen_Incertae_sedis	NA
ac9c590082c1138387fa5fc3ac49d3e7	0	13	17	0	6	5	15	5	28	23	Fungi	Ascomycota	Leotiomycetes	Helotiales	Myxotrichaceae	Oidiodendron	NA
ae56f9e581eff77b37c4af487974e8df	3	183	0	0	0	0	0	0	0	0	Fungi	Mortierellomycota	Mortierellomycetes	Mortierellales	Mortierellaceae	Dissophora	NA
ae65aeed1fa320733029f7bb533ffaa1	0	6	0	0	0	0	0	0	0	0	Fungi	Basidiomycota	Agaricostilbomycetes	Agaricostilbales	Chionosphaeraceae	Chionosphaeraceae_gen_Incertae_sedis	NA
af09b09db04c6509129c7f418e1d44cc	1828	1573	1634	1067	1474	3011	317	285	1521	3481	Fungi	Mortierellomycota	Mortierellomycetes	Mortierellales	Mortierellaceae	NA	NA
af1624286e7115cba02cb9509c08116d	11	5	0	0	0	10	0	0	0	0	Fungi	Sanchytriomycota	Sanchytriomycetes	Sanchytriales	Sanchytriaceae	Sanchytrium	NA
b00740ed929d47d5b58a93f11682aa46	0	0	2	0	0	0	0	0	0	0	Fungi	Entomophthoromycota	Entomophthoromycetes	Entomophthorales	Ancylistaceae	Conidiobolus	NA
b02c88340e43c69dee02efa1a9f65dc5	323	12	0	0	153	183	196	0	21	7	Fungi	Ascomycota	Sordariomycetes	Hypocreales	Ophiocordycipitaceae	Tolypocladium	NA
b0b81791337b8a67bf36d54ba23e47d0	0	3	0	0	0	4	0	0	0	0	Fungi	Ascomycota	Sordariomycetes	Hypocreales	Nectriaceae	Paracremonium	NA
b0c47e496f95930b2463d44627ee40e9	0	0	13	0	0	2	0	0	0	0	Fungi	Ascomycota	Sordariomycetes	Coronophorales	Coronophorales_fam_Incertae_sedis	Papulaspora	NA
b1dae7c084e2b2cecdd9383f3dd4c881	0	0	0	3	44	70	0	0	0	0	Fungi	Ascomycota	Sareomycetes	Sareales	Sareaceae	Sareaceae_gen_Incertae_sedis	NA
b29646b690b1fabe68e266a3c445f803	0	0	0	0	0	0	11	0	0	0	Fungi	Ascomycota	Sordariomycetes	Sordariales	Lasiosphaeriaceae	NA	NA
b29789515d5a867b6fcb8d7d4e1eecec	45	27	3	8	12	4	0	8	152	86	Fungi	Ascomycota	Pezizomycotina_cls_Incertae_sedis	Pezizomycotina_ord_Incertae_sedis	Pezizomycotina_fam_Incertae_sedis	Pezizomycotina_gen_Incertae_sedis	NA
b2d1d0fb3c271997873ccfc901bfc234	0	0	18	0	0	0	0	0	29	16	Fungi	Ascomycota	Sordariomycetes	Hypocreales	Hypocreales_fam_Incertae_sedis	Hapsidospora	NA
b2d7ea3d5a1e2fbe26855aca8c1e6d9d	0	0	0	9	0	0	0	0	2	0	Fungi	Basidiomycota	Agaricomycetes	Agaricales	Limnoperdaceae	Limnoperdon	NA
b38697a23e21f34f566288cfc2c7f24a	99	268	118	39	57	123	35	70	127	151	Fungi	Ascomycota	Sordariomycetes	Sordariales	Sordariales_fam_Incertae_sedis	Sordariales_gen_Incertae_sedis	NA
b3dcf659ceaa0eb90f3d2e5ce72ce42b	0	0	0	0	211	70	0	0	4	7	Fungi	Ascomycota	Sordariomycetes	Hypocreales	Bionectriaceae	Ramosiphorum	NA
b4637bc9834a034906f8e84a9c8c911b	0	0	8	0	21	0	0	12	0	0	Fungi	Basidiomycota	Pucciniomycetes	Platygloeales	Eocronartiaceae	Eocronartium	NA
b4f015294f75877ab4a109ed357d1b57	0	0	368	99	0	2	1427	2632	43	245	Fungi	Basidiomycota	Agaricomycetes	Agaricales	Tricholomataceae	Dermoloma	NA
b543f256f49bf75c7e127f4d21e6ecfa	0	0	0	0	0	0	9	0	0	0	Fungi	Ascomycota	Eurotiomycetes	Onygenales	Onygenaceae	Auxarthron	NA
b5ae03d2d76e6dbe65a3b91a8dea9498	30	24	0	38	53	4	10	16	48	33	Fungi	Aphelidiomycota	Aphelidiomycetes	GS16	GS16_fam_Incertae_sedis	GS16_gen_Incertae_sedis	NA
b61eea510408d1848d1d9c444465ca10	0	0	0	0	0	0	0	12	6	6	Fungi	Ascomycota	Eurotiomycetes	Arachnomycetales	Arachnomycetaceae	Arachnomyces	NA
b71965548db0795d76f29d68ed3077c9	0	0	0	0	0	0	0	3	0	0	Fungi	Basidiomycota	Tremellomycetes	Trichosporonales	Trichosporonaceae	Cutaneotrichosporon	NA
b7a50035d24966d612308a9b2b48e997	0	0	37	0	0	0	0	0	0	0	Fungi	Basidiomycota	Microbotryomycetes	Microbotryomycetes_ord_Incertae_sedis	NA	NA	NA
b80a70fa5404973c4a6e394f3b67ff1d	0	4	0	0	0	0	0	0	0	0	Fungi	Ascomycota	Sordariomycetes	Hypocreales	Ophiocordycipitaceae	Haptocillium	NA
b92d324ea32556c584d0607742c3ec92	0	49	0	0	0	0	0	0	0	0	Fungi	Ascomycota	Eurotiomycetes	Eurotiomycetes_ord_Incertae_sedis	Eurotiomycetes_fam_Incertae_sedis	Eurotiomycetes_gen_Incertae_sedis	NA
b99593273f1f2ecf14415ea9e6f01ea0	0	7	0	0	0	0	0	0	0	0	Fungi	Chytridiomycota	Chytridiomycetes	Chytridiales	Chytridiales_fam_Incertae_sedis	Chytridiales_gen_Incertae_sedis	NA
ba0c7cc3c879422b211547dd16060cb9	0	0	7	97	0	55	157	85	0	0	Fungi	Ascomycota	Leotiomycetes	Helotiales	Lachnaceae	Lachnellula	NA
baea88a71e00ef56ad86f81a931aceca	3169	2097	2225	3735	4102	3380	3727	4159	2598	1716	Fungi	Fungi_phy_Incertae_sedis	Fungi_cls_Incertae_sedis	Fungi_ord_Incertae_sedis	Fungi_fam_Incertae_sedis	Fungi_gen_Incertae_sedis	NA
bb1c16e6552b4288125931d5020d8eb2	0	0	0	0	0	1	0	0	0	0	Fungi	Ascomycota	Orbiliomycetes	Orbiliales	Orbiliaceae	Hyalorbilia	NA
bb553e4071c274bd58c81709b9c8bd5b	0	0	98	56	70	36	27	22	2	5	Fungi	Ascomycota	Eurotiomycetes	Chaetothyriales	Herpotrichiellaceae	NA	NA
bca2ee4f485d6e17ca79698101880e40	14	73	0	0	0	0	0	0	7	3	Fungi	Ascomycota	Saccharomycetes	Saccharomycetales	Metschnikowiaceae	Clavispora	NA
bccca11035ec0254e2daaa775c6c9fe8	0	10	0	0	0	0	0	0	0	0	Fungi	Glomeromycota	Glomeromycetes	Glomerales	Glomeraceae	Glomus	NA
be1ee2dc085f5c5a86cf770272f7fb87	1	4	4	7	0	6	0	0	4	0	Fungi	Ascomycota	Pezizomycotina_cls_Incertae_sedis	Pezizomycotina_ord_Incertae_sedis	Pezizomycotina_fam_Incertae_sedis	Triscelophorus	NA
be6ace1197e17d9d1b3d9fb7d8d39d22	0	24	0	0	0	0	0	0	0	0	Fungi	Chytridiomycota	Rhizophydiomycetes	Rhizophydiales	Rhizophydiaceae	Rhizophydiaceae_gen_Incertae_sedis	NA
be74eac161e8057a677b524f8494382c	0	10	0	8	0	0	0	0	16	39	Fungi	Ascomycota	Pezizomycetes	Pezizales	Ascobolaceae	Ascobolus	NA
bed6fb6663cdbc5d770cdb92137fa70a	11	0	0	0	0	0	0	3	56	13	Fungi	Ascomycota	Dothideomycetes	Pleosporales	Phaeosphaeriaceae	Sclerostagonospora	NA
bede67a6c2b1ff262c1dfbdd5ac71bd5	0	0	0	55	13	0	0	0	0	0	Fungi	Ascomycota	Dothideomycetes	Pleosporales	Phaeosphaeriaceae	Septoriella	NA
bf126b97dc60dcabf486231755a0e883	0	0	0	0	0	0	0	0	6	0	Fungi	Ascomycota	Leotiomycetes	Helotiales	Leptodontidiaceae	Leptodontidium	NA
bf3ac318717f70ff1139fe26d95e335f	21	0	0	35	0	17	16	13	9	6	Fungi	Ascomycota	Sordariomycetes	Hypocreales	Nectriaceae	Sarcopodium	NA
bfddddeaa5aea8a55a6f266767a4e865	0	4	4	10	0	6	0	0	0	2	Fungi	Ascomycota	Lecanoromycetes	Lecanorales	Lecanoraceae	Rhizoplaca	NA
c0356e08e317962c922baadafecb1e17	0	0	21	18	0	0	0	6	0	0	Fungi	Zoopagomycota	Zoopagomycota_cls_Incertae_sedis	Zoopagomycota_ord_Incertae_sedis	Zoopagomycota_fam_Incertae_sedis	Zoopagomycota_gen_Incertae_sedis	NA
c0e0609d366944010744a8611a7acc8c	0	0	2	0	0	0	7	0	0	0	Fungi	Basidiomycota	Tremellomycetes	Filobasidiales	Piskurozymaceae	Piskurozyma	NA
c13fa8601ce02184b47291c4625e0362	0	0	0	0	0	0	0	0	14	0	Fungi	Basidiomycota	Tremellomycetes	Cystofilobasidiales	Mrakiaceae	Tausonia	NA
c22e1a799137aa079b218ad016b51579	0	0	0	0	0	9	0	0	0	0	Fungi	Ascomycota	Sordariomycetes	Microascales	Microascaceae	Microascus	NA
c231586db61ce69399eb97e9e97dda7a	0	0	0	0	218	34	0	0	0	0	Fungi	Ascomycota	Dothideomycetes	Pleosporales	Didymellaceae	Calophoma	NA
c322a4a64f1c4e1c6226258dbc988cfe	4	8	0	0	0	0	0	0	0	0	Fungi	Basidiomycota	Agaricomycetes	Thelephorales	Thelephoraceae	Tomentella	NA
c3de9eba39feac6647bfe723b77b9acb	0	4	0	0	0	0	0	0	0	0	Fungi	Chytridiomycota	Rhizophydiomycetes	Rhizophydiales	Rhizophydiaceae	Rhizophydium	NA
c543520282cd3cc3f303a45711398f84	0	0	18	19	0	0	0	5	0	0	Fungi	Basidiobolomycota	Basidiobolomycetes	Basidiobolales	Basidiobolales_fam_Incertae_sedis	Basidiobolales_gen_Incertae_sedis	NA
c672c66e6b97eb40c91f61d8548906e2	0	0	0	0	0	8	0	0	0	0	Fungi	Ascomycota	Dothideomycetes	Mycosphaerellales	Mycosphaerellaceae	Ramularia	NA
c69f30acaf6c0b180ea541251cb5d986	0	0	0	0	0	0	0	0	15	0	Fungi	Basidiomycota	Agaricomycetes	Phallales	Phallaceae	Phallus	NA
c76ba8d443c6cf2eb71de1ac60c9ec38	328	1146	98	71	0	15	35	101	799	133	Fungi	Ascomycota	Sordariomycetes	Hypocreales	Clavicipitaceae	Metarhizium	NA
c7fc44b6997a0b2dc2ad77d9423eb06d	1309	995	81	541	468	360	962	326	681	142	Fungi	Ascomycota	Sordariomycetes	Glomerellales	Plectosphaerellaceae	Plectosphaerella	NA
c81138ead5fda9034aef0ba069409035	52	39	20	4	17	19	23	28	0	0	Fungi	Ascomycota	Dothideomycetes	Pleosporales	Phaeosphaeriaceae	Paraphoma	NA
c9be14653a588c953722e52a702c35b7	14	0	0	0	0	0	0	0	8	0	Fungi	Ascomycota	Dothideomycetes	Pleosporales	Teichosporaceae	Pseudocyclothyriella	NA
cc96879e33c6453bbf17c26e9e259a9f	0	0	0	0	0	0	51	0	4	0	Fungi	Ascomycota	Sordariomycetes	Hypocreales	Cordycipitaceae	Lecanicillium	NA
cdbd3c488f4db484085e4d67dc735a84	0	0	13	6	6	0	0	0	0	0	Fungi	Ascomycota	Pezizomycetes	Pezizales	Pezizaceae	Marcelleina	NA
ce43b15365a37a9fc1faae17c8b7210d	0	0	0	0	0	0	0	0	147	0	Fungi	Basidiomycota	Agaricomycetes	Agaricales	Hygrophoraceae	Cuphophyllus	NA
ceb2350f88faee9f8ff8c5bc2fd393f7	0	0	16	6	0	0	27	8	0	0	Fungi	Ascomycota	Dothideomycetes	Pleosporales	Dictyosporiaceae	Vikalpa	NA
cfda2a9c682f6cdd51cc5286e6b03bc2	13	279	19	0	0	0	236	514	60	38	Fungi	Basidiomycota	Agaricomycetes	Agaricales	Clavariaceae	Clavulinopsis	NA
d0205386b81ccff91f08ba84f1787353	0	0	0	0	0	0	0	0	1	0	Fungi	Basidiomycota	Ustilaginomycetes	Ustilaginales	Ustilaginaceae	NA	NA
d02e385d5cf5e19b8f37e4b93fa80883	0	8	0	0	0	0	0	0	0	0	Fungi	Basidiomycota	Agaricomycetes	Agaricales	Agaricaceae	Agaricus	NA
d11a8e2ad67cc1e6bc16d525bb266b5b	10	27	0	6	0	0	0	0	22	13	Fungi	Ascomycota	Dothideomycetes	Pleosporales	Lentitheciaceae	Keissleriella	NA
d152a702c3ca1924906e9706f670cf0e	0	0	0	0	0	0	0	0	0	2	Fungi	Basidiomycota	Agaricomycetes	Agaricales	Pluteaceae	Pluteus	NA
d19e72a9f89eb81d73057f37eed7b5bc	0	29	0	0	0	0	0	0	0	0	Fungi	Mucoromycota	Mucoromycota_cls_Incertae_sedis	Mucoromycota_ord_Incertae_sedis	Mucoromycota_fam_Incertae_sedis	Mucoromycota_gen_Incertae_sedis	NA
d1b04cca851cb0261603c739e2bc951b	0	0	0	0	1	19	0	0	0	0	Fungi	Basidiomycota	Agaricomycetes	Agaricales	Bolbitiaceae	Pholiotina	NA
d1d31d9267fe41a7a4b0a2f9b77b04f2	0	0	58	0	0	0	0	0	0	0	Fungi	Ascomycota	Sordariomycetes	Hypocreales	Hypocreaceae	Hypocreaceae_gen_Incertae_sedis	NA
d2028846cee4ab2bbc97d2c171c06980	0	3	0	0	0	0	0	0	0	0	Fungi	Ascomycota	Pezizomycetes	Pezizales	Pyronemataceae	Cheilymenia	NA
d2d73e88c32348cf07652940c591f3c3	23	18	19	5	11	17	17	43	4	25	Fungi	Chytridiomycota	Rhizophydiomycetes	Rhizophydiales	Operculomycetaceae	Operculomyces	NA
d2e83435fdbbe33aab1ec5194b7f9272	0	0	0	0	4	10	5	0	0	3	Fungi	Ascomycota	Geoglossomycetes	Geoglossales	Geoglossales_fam_Incertae_sedis	Geoglossales_gen_Incertae_sedis	NA
d32b4b1d944166bed57592794c45d72e	0	0	0	8	0	76	0	9	0	0	Fungi	Ascomycota	Sordariomycetes	Hypocreales	Bionectriaceae	Waltergamsia	NA
d3c1591514f333ab6157073da132d102	0	97	7	14	0	3	12	0	0	0	Fungi	Kickxellomycota	GS19	GS19_ord_Incertae_sedis	GS19_fam_Incertae_sedis	GS19_gen_Incertae_sedis	NA
d43ba807f9cfb1a4ae8a2b00e2590da1	0	0	0	0	8	0	0	0	93	17	Fungi	Basidiomycota	Agaricomycetes	Trechisporales	Trechisporales_fam_Incertae_sedis	Trechisporales_gen_Incertae_sedis	NA
d489df95f9d1f733573f2fc80141a47d	0	36	0	0	0	0	0	0	0	0	Fungi	Basidiomycota	Microbotryomycetes	Microbotryomycetes_ord_Incertae_sedis	Microbotryomycetes_fam_Incertae_sedis	Slooffia	NA
d4deee096290717d8dc2c3992515872e	0	16	44	39	88	152	16	18	10	0	Fungi	Ascomycota	Sordariomycetes	Hypocreales	Nectriaceae	NA	NA
d591d69933f80f7b00d94b42d1b7b014	0	0	47	0	20	24	0	0	0	0	Fungi	Ascomycota	Sordariomycetes	Sordariales	Chaetomiaceae	Chaetomium	NA
d7112695eb53303b9a36167e9ab84607	1	0	0	0	0	0	0	0	0	0	Fungi	Basidiomycota	Agaricomycetes	Agaricales	Lycoperdaceae	Lycoperdon	NA
d74647adedc9f373d39a0dd9c126a4a8	272	36	163	26	28	14	0	28	37	19	Fungi	Ascomycota	Sordariomycetes	Hypocreales	Sarocladiaceae	Sarocladium	NA
d803231d06de9482d60c0b9f7c623c87	0	0	0	0	0	0	0	2	0	0	Fungi	Basidiomycota	Agaricomycetes	Agaricales	Mycenaceae	Mycenaceae_gen_Incertae_sedis	NA
d8b812fc56dac0e3869d7e9596842304	0	0	0	0	4	0	0	0	0	0	Fungi	Ascomycota	Dothideomycetes	Pleosporales	Phaeosphaeriaceae	Pseudoophiobolus	NA
d92c1296497b348be6830394b2498ea4	0	0	0	0	14	7	0	0	20	0	Fungi	Basidiomycota	Tremellomycetes	Tremellales	Tremellales_fam_Incertae_sedis	Tremellales_gen_Incertae_sedis	NA
d9ebdace9d20059cc89be99016aef772	26	0	8	11	22	23	38	107	169	159	Fungi	Ascomycota	Sordariomycetes	Hypocreales	Bionectriaceae	Paracylindrocarpon	NA
da5b43d416bfc75be14f7b0a87293f93	0	0	37	13	0	0	0	0	0	0	Fungi	Ascomycota	Dothideomycetes	Pleosporales	Didymosphaeriaceae	Laburnicola	NA
db42399c17db7c2c4f83cd77d93ee539	18	105	119	69	0	5	4	0	0	16	Fungi	Mortierellomycota	Mortierellomycetes	Mortierellales	Mortierellales_fam_Incertae_sedis	Mortierellales_gen_Incertae_sedis	NA
dbf478c9115f88d8551daf37f3df0bde	0	0	174	338	0	0	0	0	0	0	Fungi	Ascomycota	Sordariomycetes	Sordariales	Chaetomiaceae	Dichotomopilus	NA
dc21833fa2e0c6fc14afdc7bc875112c	0	0	0	0	0	0	18	8	11	0	Fungi	Ascomycota	Sordariomycetes	Magnaporthales	Ceratosphaeriaceae	Ceratosphaeriaceae_gen_Incertae_sedis	NA
dcb36715fd0d5490ab3ea544f2e0a699	0	0	0	0	11	6	0	23	0	0	Fungi	Ascomycota	Dothideomycetes	Pleosporales	Phaeosphaeriaceae	Chaetosphaeronema	NA
dcd1376ba6da67a81167a42e3279daea	0	0	0	22	0	0	5	0	0	0	Fungi	Ascomycota	Laboulbeniomycetes	Laboulbeniomycetes_ord_Incertae_sedis	Laboulbeniomycetes_fam_Incertae_sedis	Laboulbeniomycetes_gen_Incertae_sedis	NA
dd4262e6d60dc8967a4114c80d828e99	94	40	105	336	28	117	157	141	77	54	Fungi	Ascomycota	Sordariomycetes	Hypocreales	Bionectriaceae	NA	NA
de27dba74c44d15462d081ca1f585cbf	31	134	36	68	0	2	0	0	0	0	Fungi	Ascomycota	Eurotiomycetes	Eurotiales	Eurotiales_fam_Incertae_sedis	Eurotiales_gen_Incertae_sedis	NA
de4142172584a53943714a6c502cd396	0	0	16	6	0	0	0	0	0	0	Fungi	Ascomycota	Dothideomycetes	Pleosporales	Didymosphaeriaceae	Didymosphaeriaceae_gen_Incertae_sedis	NA
df4a78b0799a2fac4c52eca33ec15c63	10	0	0	0	0	0	35	28	0	0	Fungi	Basidiomycota	Tremellomycetes	Trichosporonales	Trichosporonales_fam_Incertae_sedis	Trichosporonales_gen_Incertae_sedis	NA
df7bd10a070d1ad12aad87cab3ac5f7d	0	0	1	4	24	19	0	0	0	2	Fungi	Ascomycota	Geoglossomycetes	Geoglossales	Geoglossaceae	Geoglossum	NA
e093e9193e8874ef7921f3146db08f9b	0	0	0	176	0	0	0	0	0	0	Fungi	Basidiomycota	Agaricomycetes	Agaricales	Clavariaceae	Hodophilus	NA
e1aab0ae9dd93450b6b1c22e979af583	0	0	0	6	0	0	0	0	0	0	Fungi	Ascomycota	Lecanoromycetes	Lecanorales	NA	NA	NA
e25791faf80ec2a09a3f9e446c99f5f8	0	0	0	0	0	4	0	0	0	0	Fungi	Ascomycota	Sordariomycetes	Xylariales	Diatrypaceae	Diatrypaceae_gen_Incertae_sedis	NA
e26835f664ce7f0253e2edd3648a6487	44	66	0	0	0	0	0	0	0	0	Fungi	Ascomycota	Sordariomycetes	Glomerellales	Plectosphaerellaceae	Longitudinalis	NA
e2edfa0ffdc76d5622fb38f030fa51e5	5	0	0	11	0	11	103	74	287	214	Fungi	Ascomycota	Sordariomycetes	Microascales	Microascaceae	NA	NA
e32ea150f17df3ab10c80c3b738f14bb	0	0	0	0	0	0	0	9	0	0	Fungi	Ascomycota	Dothideomycetes	Pleosporales	Didymosphaeriaceae	Montagnula	NA
e3dfc4390696e92f73bf9e1505c87afd	0	0	0	0	0	10	0	1	0	0	Fungi	Basidiomycota	Tritirachiomycetes	Tritirachiales	Tritirachiaceae	Tritirachium	NA
e50a7bd42c7279b458222f8dcce63684	170	179	44	11	0	3	13	8	103	137	Fungi	Ascomycota	Sordariomycetes	Hypocreales	Clavicipitaceae	Metacordyceps	NA
e5475c8bc30e2cf5c8ad4943149b6533	0	0	21	42	7	7	0	0	0	0	Fungi	Ascomycota	Sordariomycetes	Hypocreales	Stachybotryaceae	Achroiostachys	NA
e554341d16b021e7d3bba9e6cfef898f	41	76	211	5	41	19	32	19	0	0	Fungi	Ascomycota	Sordariomycetes	Glomerellales	Glomerellaceae	Colletotrichum	NA
e5671d1da632186394d775f8d6096844	241	195	0	13	10	8	85	156	203	174	Fungi	Ascomycota	Sordariomycetes	Hypocreales	Ophiocordycipitaceae	Purpureocillium	NA
e570f0e5cb4d57af6adc44fc6a778254	58	166	257	488	152	248	30	24	0	26	Fungi	Ascomycota	Dothideomycetes	Pleosporales	Melanommataceae	Petrakia	NA
e624766cf47a177bf0320f4a186073f3	0	0	0	0	0	4	7	0	0	0	Fungi	Basidiomycota	Agaricomycetes	Agaricales	Entolomataceae	Entolomataceae_gen_Incertae_sedis	NA
e633dd4efd3397f7cf1f7b56abe03ae7	99	96	342	544	147	280	95	80	183	132	Fungi	Ascomycota	Sordariomycetes	Hypocreales	Nectriaceae	Nectriaceae_gen_Incertae_sedis	NA
e6fe2913072bd40a16f6a1a86488a9a0	0	84	0	0	0	0	14	5	0	0	Fungi	Basidiomycota	Agaricomycetes	Sebacinales	NA	NA	NA
e76e13f7867f9da56ceffb1d51bc65a0	141	151	19	26	0	0	120	53	59	68	Fungi	Ascomycota	Sordariomycetes	Hypocreales	Clavicipitaceae	Metapochonia	NA
e7aa894dce1a9de150bcc36df1489219	16	0	0	0	0	0	0	0	0	0	Fungi	Ascomycota	Dothideomycetes	Pleosporales	Pyrenochaetopsidaceae	Pyrenochaetopsidaceae_gen_Incertae_sedis	NA
e85f0d0dbd10ae731026a306c8b5d846	0	2	0	0	5	16	0	0	0	0	Fungi	Basidiomycota	Agaricomycetes	Sebacinales	Serendipitaceae	NA	NA
e8d9fe5c6cc4339ee436176410a6ac4f	26	11	0	0	0	0	0	0	0	0	Fungi	Basidiomycota	Tremellomycetes	Tremellales	Trimorphomycetaceae	Saitozyma	NA
e9088f095673274020bb3297eaacd838	54	1053	0	0	0	0	0	0	0	0	Fungi	Blastocladiomycota	Blastocladiomycetes	Blastocladiales	Blastocladiales_fam_Incertae_sedis	Blastocladiales_gen_Incertae_sedis	NA
e9a348b5e5872ddc6d4e57a747088d80	245	317	160	925	293	496	634	1866	1275	2451	Fungi	Ascomycota	Eurotiomycetes	Eurotiales	Aspergillaceae	Penicillium	NA
e9ea11c9361aa43160c5cfbda7c8b2da	0	0	0	0	0	0	0	11	0	0	Fungi	Ascomycota	Archaeorhizomycetes	Archaeorhizomycetales	NA	NA	NA
eb5995256424eb94cc1247911fd30467	8	0	0	0	0	0	0	0	0	0	Fungi	Ascomycota	Leotiomycetes	Helotiales	Cordieritidaceae	Unguiculariopsis	NA
eb90fb580eca93672aa567ca61048207	0	1	0	0	0	0	0	0	0	0	Fungi	Ascomycota	Eurotiomycetes	Eurotiales	Trichocomaceae	Ascospirella	NA
ebb466164feafbff556003b5727276d5	0	0	2	0	0	0	0	0	0	0	Fungi	Ascomycota	Dothideomycetes	Dothideomycetes_ord_Incertae_sedis	Dothideomycetes_fam_Incertae_sedis	Dothideomycetes_gen_Incertae_sedis	NA
ebfef977f2f67b8c4a11f0a2f393dc2a	0	0	3	2	0	0	0	0	0	0	Fungi	Ascomycota	Eurotiomycetes	Onygenales	NA	NA	NA
ec15136311caafba3d3e1b9f91caeffd	0	0	0	0	0	5	0	0	0	0	Fungi	Ascomycota	Leotiomycetes	Helotiales	Helotiaceae	Hymenoscyphus	NA
ec26ca03eed9fd1b5511b7d83d5c705e	16	0	3058	342	0	0	5	0	6	0	Fungi	Ascomycota	Sordariomycetes	Hypocreales	Bionectriaceae	Nigrosabulum	NA
ecbb74268f8f8d147a4a3cc5880e0123	0	0	0	0	0	0	82	61	20	74	Fungi	Basidiomycota	Agaricomycetes	Agaricales	Clavariaceae	Ramariopsis	NA
edf4de06f1dbe105e292940f8c203b83	0	0	0	0	0	0	0	2	0	0	Fungi	Basidiomycota	Microbotryomycetes	Leucosporidiales	Leucosporidiaceae	Leucosporidiaceae_gen_Incertae_sedis	NA
ee73f55c6ce7e6e27aa37c2df07fdf7c	0	0	5	0	0	0	0	0	0	0	Fungi	Ascomycota	Sordariomycetes	Chaetosphaeriales	Chaetosphaeriaceae	Dinemasporium	NA
ee7c094834f532d7d5120c83d20eba87	0	2	0	0	0	0	0	0	0	0	Fungi	Glomeromycota	Glomeromycetes	Diversisporales	Acaulosporaceae	Acaulosporaceae_gen_Incertae_sedis	NA
f08a5bbe584f73ca33cdefde732ff590	0	3	0	0	0	0	0	0	0	0	Fungi	Ascomycota	Orbiliomycetes	Orbiliales	Orbiliaceae	Arthrobotrys	NA
f0af5b11dd1b3bca187bf76f957db686	0	0	0	0	0	0	0	0	0	2	Fungi	Mucoromycota	Mucoromycetes	Mucorales	Cunninghamellaceae	Absidia	NA
f0c84213f0bbceb3dfad612c90681385	0	0	163	64	0	0	0	0	0	0	Fungi	Ascomycota	Sordariomycetes	Hypocreales	Bionectriaceae	Ochronectria	NA
f1a14f3020c7fb64406a870367dca922	0	0	0	9	0	0	0	0	0	6	Fungi	Basidiomycota	Agaricomycetes	Agaricales	Stephanosporaceae	Cristinia	NA
f1b1ada6db5b00a712835cb135933d91	108	97	0	9	0	0	13	5	42	29	Fungi	Chytridiomycota	Lobulomycetes	Lobulomycetales	Lobulomycetales_fam_Incertae_sedis	Lobulomycetales_gen_Incertae_sedis	NA
f20955263ef64d296e71eba15b258bfa	0	0	0	0	2	0	0	0	14	8	Fungi	Basidiomycota	Agaricomycetes	Agaricales	Strophariaceae	Deconica	NA
f223b84a6afa0e5a54d0958a5ca53b91	9	116	0	0	0	7	0	0	2	12	Fungi	Ascomycota	Sordariomycetes	Magnaporthales	Magnaporthaceae	Slopeiomyces	NA
f25dfea2f2e8a452e4043a2da10d42fb	0	0	0	0	0	0	0	11	0	0	Fungi	Ascomycota	Sordariomycetes	Hypocreales	Bionectriaceae	Caespitomonium	NA
f2dc2041bb4ea3e7256cfb70e88df742	0	16	0	0	0	0	0	0	0	0	Fungi	Ascomycota	Sordariomycetes	Hypocreales	Stachybotryaceae	Myrothecium	NA
f2fd445238d76521f437e1a23ec24394	0	0	0	0	0	0	29	1	0	12	Fungi	Ascomycota	Dothideomycetes	Pleosporales	Pleosporaceae	Alternaria	NA
f3f079c7bd846dea334f208a980320a4	0	0	0	0	38	0	0	0	0	0	Fungi	Ascomycota	Sordariomycetes	Xylariales	Xylariaceae	Xylaria	NA
f3f083e5b53962c6d4c17c6f45f16374	0	0	0	21	47	5	0	0	20	5	Fungi	Ascomycota	Dothideomycetes	Pleosporales	Lentitheciaceae	Darksidea	NA
f5be87756cf88a7054f66effb4b5e2c2	0	0	34	0	0	0	0	0	0	0	Fungi	Ascomycota	Sordariomycetes	Coronophorales	NA	NA	NA
f6968b1a7c2c2255e7a79eb0af617e54	29	0	0	0	5	8	0	0	0	0	Fungi	Ascomycota	Dothideomycetes	Pleosporales	Cucurbitariaceae	Cucurbitariaceae_gen_Incertae_sedis	NA
f78f0b297b14c917d91f368625523080	5	0	0	0	0	0	17	24	30	93	Fungi	Ascomycota	Eurotiomycetes	Eurotiales	Aspergillaceae	Aspergillus	NA
f82fe0ddd971a497509d207f1d8d7b9e	18	51	0	12	0	9	0	0	0	6	Fungi	Basidiomycota	Agaricomycetes	Agaricales	Psathyrellaceae	Coprinellus	NA
f8d5d3ed914356767b3d7e26ee663346	16	16	0	19	0	2	0	0	115	126	Fungi	Ascomycota	Dothideomycetes	Pleosporales	Pyrenochaetopsidaceae	Pyrenochaetopsis	NA
f935563b11058bffe2cf40d09d8ec15d	43	193	0	0	0	0	0	0	0	0	Fungi	Basidiomycota	Tremellomycetes	Trichosporonales	Tetragoniomycetaceae	Tetragoniomycetaceae_gen_Incertae_sedis	NA
f958ab41c8469fb18445deb11d2bfbbb	0	0	5	0	0	0	0	0	0	0	Fungi	Basidiomycota	Exobasidiomycetes	Exobasidiales	NA	NA	NA
f98ff07f0cbd4abbbbd7bd69bf3cbd18	11	9	0	0	0	0	0	0	0	0	Fungi	Blastocladiomycota	Blastocladiomycota_cls_Incertae_sedis	Blastocladiomycota_ord_Incertae_sedis	Blastocladiomycota_fam_Incertae_sedis	Blastocladiomycota_gen_Incertae_sedis	NA
f9e6c2e90cd54eed887bda741e41d270	134	788	220	455	113	61	132	173	136	76	Fungi	Ascomycota	Sordariomycetes	Hypocreales	Hypocreaceae	Trichoderma	NA
fa0c0558f13606a3b154b83cb7c0ac64	378	211	454	392	276	456	481	280	161	130	Fungi	Ascomycota	Sordariomycetes	Hypocreales	Niessliaceae	Niesslia	NA
fa4c1d7f80a09e9349fdbb13ee52a4e7	0	0	0	0	0	0	0	0	5	9	Fungi	Ascomycota	Eurotiomycetes	Chaetothyriales	Herpotrichiellaceae	Cladophialophora	NA
faf1ac6a5f4afa9652d1722986a25a0b	0	36	0	0	0	0	0	193	0	0	Fungi	Ascomycota	Leotiomycetes	Helotiales	Helotiales_fam_Incertae_sedis	Dactylaria	NA
faf5b71b7cc82db616dc8036be73ec0e	0	0	0	0	0	1	0	0	0	0	Fungi	Ascomycota	Dothideomycetes	Myriangiales	Elsinoaceae	Elsinoe	NA
fc0090f84a99ef8d5e9b3b4038740318	0	7	0	0	0	11	0	0	0	0	Fungi	Chytridiomycota	Rhizophydiomycetes	Rhizophydiales	Alphamycetaceae	Betamyces	NA
fc26d2d033cf85caeeab1e1aa7c6f4f3	0	5	0	0	0	0	0	0	0	0	Fungi	Rozellomycota	Rozellomycota_cls_Incertae_sedis	Rozellomycota_ord_Incertae_sedis	Rozellomycota_fam_Incertae_sedis	Paramicrosporidium	NA
fc82ebcd7fa017439036a65a59359c25	0	0	2	12	36	158	0	55	0	0	Fungi	Ascomycota	Pezizomycetes	Pezizales	Pulvinulaceae	Pulvinula	NA
fcd7a995797ae93114b72a0a537e7ef0	32	33	151	38	11	26	0	27	69	23	Fungi	Basidiomycota	Agaricomycetes	NA	NA	NA	NA
fd01695bcd7d47ee1ed4e0412cbcc2d6	0	0	0	0	0	0	9	0	3	0	Fungi	Ascomycota	Eurotiomycetes	NA	NA	NA	NA
fefc95378c850afb1430ef1bf4ba15c4	0	0	0	0	5	0	0	0	0	0	Fungi	Ascomycota	Sordariomycetes	Hypocreales	Cordycipitaceae	Flavocillium	NA
ffc1f2d7c14cd8693471b24081eb48ad	0	0	1	0	88	200	0	22	78	44	Fungi	Ascomycota	Pezizomycetes	Pezizales	NA	NA	NA
